rank_actor	actor	box_office_actor	movies_actor	average_actor
1	Stan Lee	30,606,129,162	49	624,614,881
2	Samuel L. Jackson	27,703,132,819	139	199,303,114
3	Frank Welker	17,443,260,126	112	155,743,394
4	John Ratzenberger	16,769,039,846	52	322,481,536
5	Robert Downey Jr.	15,728,895,535	67	234,759,635
6	Bob Bergen	15,708,691,844	60	261,811,531
7	Scarlett Johansson	15,386,307,980	51	301,692,313
8	Andy Serkis	15,198,243,598	35	434,235,531
9	Benedict Cumberbatch	15,052,914,968	42	358,402,737
10	Alan Tudyk	15,011,636,356	40	375,290,909
11	Warwick Davis	14,970,401,416	24	623,766,726
12	Jon Favreau	13,948,026,154	41	340,195,760
13	Chris Evans	13,753,852,439	42	327,472,677
14	Paul Bettany	13,401,964,370	32	418,811,387
15	Chris Pratt	13,332,086,376	34	392,120,188
16	Dwayne Johnson	12,525,529,476	50	250,510,590
17	Idris Elba	12,490,949,770	46	271,542,386
18	Vin Diesel	12,490,743,055	34	367,374,796
19	Don Cheadle	12,418,000,329	46	269,956,529
20	Chris Hemsworth	12,357,748,321	27	457,694,382
21	Zoe Saldana	12,270,690,383	44	278,879,327
22	Bradley Cooper	12,088,275,275	38	318,112,507
23	Tom Cruise	12,066,771,596	48	251,391,075
24	Jeremy Renner	11,956,877,863	32	373,652,433
25	Willem Dafoe	11,953,713,294	98	121,976,666
26	Gwyneth Paltrow	11,863,417,392	45	263,631,498
27	Cate Blanchett	11,849,530,534	58	204,302,251
28	Liam Neeson	11,608,661,878	96	120,923,561
29	Tom Hanks	11,566,149,860	67	172,629,102
30	J.K. Simmons	11,447,168,626	87	131,576,651
31	Mark Ruffalo	11,402,818,725	49	232,710,586
32	Hugo Weaving	11,254,362,459	41	274,496,645
33	Tom Holland	11,164,653,643	21	531,650,173
34	Bill Hader	11,129,925,873	43	258,835,485
35	Gary Oldman	11,021,262,464	57	193,355,482
36	Morgan Freeman	10,993,247,651	90	122,147,196
37	Ian McKellen	10,922,729,623	42	260,064,991
38	Benedict Wong	10,861,238,507	24	452,551,604
39	Johnny Depp	10,809,982,632	68	158,970,333
40	Ralph Fiennes	10,782,121,280	61	176,756,087
41	Alan Rickman	10,706,468,110	39	274,524,823
42	Simon Pegg	10,356,484,284	42	246,582,959
43	Paul Rudd	10,303,698,637	57	180,766,643
44	Stanley Tucci	10,287,105,983	87	118,242,598
45	Harrison Ford	10,175,110,016	53	191,983,208
46	Anthony Mackie	10,156,751,590	56	181,370,564
47	Mickie McGowan	10,144,120,037	28	362,290,001
48	Marisa Tomei	10,114,104,162	59	171,425,494
49	Robbie Coltrane	9,998,541,724	37	270,230,857
50	Jess Harnell	9,985,135,629	21	475,482,649
51	Emma Watson	9,857,004,545	19	518,789,713
52	Stellan Skarsgård	9,845,589,168	58	169,751,537
53	Michelle Rodriguez	9,844,119,991	36	273,447,778
54	Helena Bonham Carter	9,819,082,407	50	196,381,648
55	Julie Walters	9,777,333,477	32	305,541,671
56	Anthony Daniels	9,731,275,548	13	748,559,658
57	Will Smith	9,605,536,726	38	252,777,282
58	Karen Gillan	9,435,199,593	23	410,226,069
59	Woody Harrelson	9,419,631,154	79	119,235,837
60	Tom Hiddleston	9,399,247,523	20	469,962,376
61	Orlando Bloom	9,393,509,625	32	293,547,176
62	Jack Angel	9,083,702,476	28	324,417,946
63	Bill Farmer	9,063,258,496	24	377,635,771
64	Sherry Lynn	9,059,783,430	26	348,453,209
65	Tyrese Gibson	9,051,709,507	28	323,275,340
66	Elizabeth Olsen	8,971,637,883	19	472,191,468
67	Maggie Smith	8,935,573,756	50	178,711,475
68	Emma Thompson	8,906,414,084	55	161,934,802
69	Natalie Portman	8,905,022,841	48	185,521,309
70	Dave Bautista	8,904,159,151	27	329,783,672
71	William Hurt	8,896,669,440	63	141,216,975
72	James Earl Jones	8,870,322,327	56	158,398,613
73	Jacob Batalon	8,859,325,142	10	885,932,514
74	Josh Brolin	8,768,689,846	48	182,681,038
75	Danny Mann	8,739,934,304	18	485,551,906
76	Matt Damon	8,678,063,356	70	123,972,334
77	Djimon Hounsou	8,649,836,696	39	221,790,685
78	Michael Caine	8,640,032,502	83	104,096,777
79	Geoffrey Rush	8,634,011,437	41	210,585,645
80	Elizabeth Banks	8,574,273,413	55	155,895,880
81	Brad Pitt	8,553,619,905	55	155,520,362
82	Daniel Radcliffe	8,540,397,074	26	328,476,811
83	Alfred Molina	8,528,395,572	71	120,118,247
84	Timothy Spall	8,525,375,218	58	146,989,228
85	Domhnall Gleeson	8,471,679,205	25	338,867,168
86	Tom Felton	8,415,494,621	26	323,672,870
87	Jeff Goldblum	8,406,964,589	58	144,947,665
88	Laraine Newman	8,381,938,507	21	399,139,929
89	Michael Gambon	8,378,744,115	49	170,994,778
90	Bruce Willis	8,350,371,736	107	78,040,857
91	Luke Evans	8,218,361,538	28	293,512,912
92	Bonnie Hunt	8,104,578,037	28	289,449,216
93	Ken Jeong	8,068,599,025	37	218,070,244
94	Ewan McGregor	8,055,014,183	62	129,919,584
95	Sebastian Stan	7,994,190,706	26	307,468,873
96	John Goodman	7,971,822,518	81	98,417,562
97	Toby Jones	7,927,278,153	53	149,571,286
98	Hugh Jackman	7,887,786,738	40	197,194,668
99	Kristen Wiig	7,884,159,193	45	175,203,538
100	Matthew Lewis	7,867,216,399	12	655,601,367
101	Sigourney Weaver	7,851,986,431	66	118,969,491
102	Geraldine Somerville	7,830,390,079	12	652,532,507
103	Cobie Smulders	7,821,649,507	19	411,665,764
104	Steve Carell	7,760,899,264	39	198,997,417
105	Josh Herdman	7,743,173,099	9	860,352,567
106	Owen Wilson	7,725,918,668	58	133,205,494
107	Terry Notary	7,721,378,328	10	772,137,833
108	Rupert Grint	7,706,428,099	16	481,651,756
109	Chadwick Boseman	7,686,848,241	12	640,570,687
110	James Phelps	7,680,844,812	10	768,084,481
111	Oliver Phelps	7,680,844,812	9	853,427,201
112	Devon Murray	7,672,085,015	10	767,208,502
113	Bonnie Wright	7,657,963,087	10	765,796,309
114	Jason Isaacs	7,643,869,851	52	146,997,497
115	John Cleese	7,621,338,129	52	146,564,195
116	Robin Williams	7,613,927,905	75	101,519,039
117	Carrie Fisher	7,580,445,543	38	199,485,409
118	Jim Broadbent	7,573,816,606	70	108,197,380
119	Alec Baldwin	7,550,872,614	87	86,791,639
120	Mark Williams	7,544,942,113	15	502,996,141
121	Jack Black	7,542,869,127	54	139,682,762
122	Cameron Diaz	7,482,508,694	39	191,859,197
123	Ciaran Hinds	7,481,071,459	54	138,538,360
124	Martin Klebba	7,450,498,674	43	173,267,411
125	Lupita Nyong'o	7,447,451,825	14	531,960,845
126	Angela Bassett	7,444,796,559	47	158,399,927
127	Brendan Gleeson	7,443,725,797	58	128,340,100
128	Letitia Wright	7,413,514,720	17	436,089,101
129	Seth Rogen	7,401,436,701	40	185,035,918
130	Bryce Dallas Howard	7,357,777,740	22	334,444,443
131	Michael Papajohn	7,356,294,053	40	183,907,351
132	Kurt Russell	7,335,302,023	48	152,818,792
133	Christopher Lee	7,323,615,188	44	166,445,800
134	Oscar Isaac	7,297,469,479	40	182,436,737
135	Julie Andrews	7,287,201,306	28	260,257,190
136	Judi Dench	7,229,786,776	50	144,595,736
137	Eddie Murphy	7,209,370,526	45	160,208,234
138	Leonardo DiCaprio	7,200,574,695	35	205,730,706
139	Tara Strong	7,158,537,028	22	325,388,047
140	Jason Statham	7,139,595,452	46	155,208,597
141	Lori Alan	7,131,767,372	10	713,176,737
142	Jim Cummings	7,122,288,949	37	192,494,296
143	Robert De Niro	7,108,809,149	99	71,806,153
144	Laurence Fishburne	7,102,244,978	71	100,031,619
145	Mark Hamill	7,077,384,107	29	244,047,728
146	Jamie Foxx	7,065,050,592	47	150,320,225
147	Steve Buscemi	7,021,664,302	96	73,142,336
148	Frank Oz	6,995,064,808	28	249,823,743
149	Richard Griffiths	6,940,886,970	31	223,899,580
150	David Bradley	6,924,473,671	21	329,736,841
151	Angelina Jolie	6,900,971,564	43	160,487,711
152	Mark Wahlberg	6,892,429,850	57	120,919,822
153	Anne Hathaway	6,880,435,545	42	163,819,894
154	Chiwetel Ejiofor	6,827,279,223	35	195,065,121
155	Gal Gadot	6,818,082,883	19	358,846,468
156	Adrian Rawlins	6,813,101,239	15	454,206,749
157	Allison Janney	6,797,942,008	67	101,461,821
158	Josh Gad	6,791,614,938	25	271,664,598
159	Bill Nighy	6,754,038,441	56	120,607,829
160	Alfie Enoch	6,705,361,698	7	957,908,814
161	Ben Stiller	6,685,396,078	54	123,803,631
162	Chris Miller	6,662,915,161	14	475,922,512
163	Hayley Atwell	6,651,910,878	17	391,288,875
164	Tom Hardy	6,640,744,465	30	221,358,149
165	Pom Klementieff	6,640,341,174	11	603,667,379
166	Jonah Hill	6,628,258,544	41	161,664,843
167	Michael Keaton	6,572,157,531	52	126,387,645
168	T.J. Miller	6,559,157,318	26	252,275,281
169	Antonio Banderas	6,558,815,852	68	96,453,174
170	Judy Greer	6,540,192,284	66	99,093,822
171	Kenny Baker	6,539,957,219	14	467,139,801
172	John Turturro	6,533,190,244	72	90,738,753
173	Carlos Alazraqui	6,532,436,165	17	384,260,951
174	Debi Derryberry	6,528,142,288	24	272,005,929
175	Robert Pattinson	6,514,756,206	30	217,158,540
176	Sylvester Stallone	6,490,584,855	67	96,874,401
177	Ryan Reynolds	6,465,155,109	52	124,329,906
178	Tilda Swinton	6,460,498,611	51	126,676,443
179	Jan Rabson	6,442,723,067	8	805,340,383
180	Keira Knightley	6,441,710,302	36	178,936,397
181	Winston Duke	6,439,646,550	8	804,955,819
182	Paul Giamatti	6,439,285,070	71	90,694,156
183	Jeffrey Wright	6,433,713,889	43	149,621,253
184	Naomie Harris	6,429,974,405	24	267,915,600
185	Ian Holm	6,399,317,958	42	152,364,713
186	John Leguizamo	6,394,377,538	85	75,227,971
187	Jude Law	6,379,005,110	52	122,673,175
188	Julia Roberts	6,372,398,959	50	127,447,979
189	Phil Proctor	6,349,499,107	32	198,421,847
190	Steve Coogan	6,348,337,144	50	126,966,743
191	Anthony Hopkins	6,342,613,508	76	83,455,441
192	John Slattery	6,339,313,042	18	352,184,058
193	Patrick Stewart	6,334,332,981	46	137,702,891
194	Daniel Craig	6,331,446,719	34	186,219,021
195	Channing Tatum	6,310,990,728	46	137,195,451
196	John Hurt	6,309,753,009	73	86,434,973
197	Elijah Wood	6,300,739,801	49	128,586,527
198	Frank Grillo	6,298,219,826	47	134,004,677
199	James Cromwell	6,288,152,606	51	123,297,110
200	Danai Gurira	6,276,412,289	10	627,641,229
201	Mona Marshall	6,270,637,162	14	447,902,654
202	Evangeline Lilly	6,268,968,413	15	417,931,228
203	Kerry Condon	6,236,002,011	13	479,692,462
204	Nicolas Cage	6,234,742,339	96	64,945,233
205	Will Arnett	6,218,140,250	38	163,635,270
206	Fred Tatasciore	6,202,425,099	26	238,554,812
207	Helen Mirren	6,181,647,233	62	99,703,988
208	Conrad Vernon	6,176,289,403	15	411,752,627
209	Christian Bale	6,172,292,702	47	131,325,377
210	Keegan-Michael Key	6,159,154,777	33	186,641,054
211	Martin Freeman	6,135,343,768	26	235,974,760
212	Lee Pace	6,133,568,798	21	292,074,705
213	Tobey Maguire	6,121,115,351	25	244,844,614
214	Rene Russo	6,111,877,668	27	226,365,840
215	Imelda Staunton	6,100,646,210	30	203,354,874
216	Peter Mayhew	6,060,755,261	8	757,594,408
217	B.D. Wong	6,056,845,974	23	263,341,129
218	Jennifer Lawrence	6,034,241,148	29	208,077,281
219	Keanu Reeves	6,026,961,056	66	91,317,592
220	Charlize Theron	5,995,770,318	53	113,127,742
221	Donald Sutherland	5,978,916,093	81	73,813,779
222	Chris ‘Ludacris’ Bridges	5,976,184,495	21	284,580,214
223	Brad Garrett	5,972,058,663	29	205,933,057
224	Ben Kingsley	5,931,815,315	73	81,257,744
225	Ving Rhames	5,882,809,631	53	110,996,408
226	Stephen Root	5,866,057,702	59	99,424,707
227	Florence Kasumba	5,853,935,448	5	1,170,787,090
228	Sandra Bullock	5,843,787,956	43	135,902,045
229	Kathy Bates	5,833,730,501	67	87,070,604
230	Tommy Lee Jones	5,810,007,588	56	103,750,136
231	David Thewlis	5,793,705,846	47	123,270,337
232	Kevin Hart	5,776,748,366	51	113,269,576
233	Robert Redford	5,756,608,354	43	133,874,613
234	Kevin McNally	5,746,723,911	23	249,857,561
235	Benicio del Toro	5,744,905,670	40	143,622,642
236	Peter Dinklage	5,733,193,115	39	147,004,952
237	Jim Carrey	5,732,884,637	40	143,322,116
238	James McAvoy	5,727,585,254	31	184,760,815
239	Michael Sheen	5,724,486,708	41	139,621,627
240	Dustin Hoffman	5,705,133,478	51	111,865,362
241	William Fichtner	5,694,271,773	49	116,209,628
242	John Kassir	5,687,618,028	12	473,968,169
243	Hannibal Buress	5,682,981,182	19	299,104,273
244	Wallace Shawn	5,680,646,802	68	83,538,924
245	Ed Harris	5,667,478,418	73	77,636,691
246	John C. Reilly	5,655,584,067	59	95,857,357
247	Brie Larson	5,642,424,031	28	201,515,144
248	Hiroyuki Sanada	5,641,839,756	20	282,091,988
249	Sean Bean	5,634,585,314	44	128,058,757
250	Giovanni Ribisi	5,592,465,252	44	127,101,483
251	Maximiliano Hernández	5,585,180,370	8	698,147,546
252	Marton Csokas	5,583,110,801	32	174,472,213
253	Chris Ellis	5,569,513,104	38	146,566,134
254	John Rhys-Davies	5,566,936,392	39	142,741,959
255	Adam Sandler	5,557,671,410	53	104,861,725
256	Jenny Slate	5,553,283,424	24	231,386,809
257	Phil LaMarr	5,503,557,824	18	305,753,212
258	Nicole Kidman	5,497,667,743	70	78,538,111
259	Meryl Streep	5,496,601,381	74	74,278,397
260	Bill Paxton	5,486,964,482	52	105,518,548
261	David Wenham	5,472,396,231	29	188,703,318
262	Brian T. Delaney	5,464,446,865	9	607,160,763
263	Ben Affleck	5,461,586,209	55	99,301,567
264	Jackie Chan	5,459,679,056	48	113,743,314
265	Michael Peña	5,448,726,067	50	108,974,521
266	Arnold Schwarzenegger	5,419,157,380	45	120,425,720
267	Colin Firth	5,415,218,959	54	100,281,833
268	David Cross	5,389,340,183	40	134,733,505
269	Jamie Waylett	5,385,686,541	6	897,614,424
270	Ralph Ineson	5,365,650,271	20	268,282,514
271	Daisy Ridley	5,353,828,704	10	535,382,870
272	Karl Urban	5,346,462,003	28	190,945,072
273	Taika Waititi	5,345,739,469	11	485,976,315
274	Callan Mulvey	5,341,361,159	17	314,197,715
275	John Cygan	5,329,120,567	7	761,302,938
276	Adam Driver	5,320,866,635	31	171,640,859
277	Shia LaBeouf	5,311,461,994	33	160,953,394
278	Jeff Garlin	5,275,812,667	27	195,400,469
279	Michael Beattie	5,223,076,321	9	580,341,813
280	Katie Leung	5,215,565,415	7	745,080,774
281	Jon Voight	5,210,135,254	49	106,329,291
282	Queen Latifah	5,207,026,300	44	118,341,507
283	James Franco	5,200,921,337	77	67,544,433
284	Julianne Moore	5,194,828,959	76	68,353,013
285	Bill Murray	5,172,981,375	62	83,435,183
286	Halle Berry	5,148,563,376	44	117,012,804
287	Russell Crowe	5,144,555,989	50	102,891,120
288	Laura Dern	5,131,647,694	53	96,823,541
289	Tessa Thompson	5,128,014,899	16	320,500,931
290	Philip Seymour Hoffman	5,126,643,016	48	106,805,063
291	Ty Simpkins	5,122,963,563	15	341,530,904
292	Clark Gregg	5,113,860,892	30	170,462,030
293	Peter Cullen	5,109,869,323	15	340,657,955
294	Cheech Marin	5,108,051,664	52	98,231,763
295	Chris Rock	5,105,330,088	47	108,624,044
296	Zendaya	5,104,655,991	11	464,059,636
297	Sam Neill	5,094,138,944	52	97,964,210
298	Seann William Scott	5,087,497,629	34	149,632,283
299	George Clooney	5,051,239,508	44	114,800,898
300	Rhys Ifans	5,047,916,792	42	120,188,495
301	William Melling	5,047,177,555	6	841,196,259
302	Amy Adams	5,045,900,294	39	129,382,059
303	Afshan Azad	5,028,053,704	5	1,005,610,741
304	Forest Whitaker	5,012,356,876	77	65,095,544
305	Patrick Wilson	5,006,782,026	42	119,209,096
306	Shea Whigham	4,999,383,393	39	128,189,318
307	Fiona Shaw	4,959,897,803	28	177,139,207
308	Greg Ellis	4,954,794,306	15	330,319,620
309	Kevin Costner	4,945,357,302	52	95,103,025
310	Whoopi Goldberg	4,934,628,093	69	71,516,349
311	Bernard Hill	4,925,371,482	16	307,835,718
312	Greg Grunberg	4,915,930,936	16	307,245,684
313	Joan Cusack	4,892,538,138	55	88,955,239
314	Daniel Cudmore	4,880,282,390	12	406,690,199
315	Zoë Kravitz	4,876,963,885	27	180,628,292
316	Rose Byrne	4,859,232,476	40	121,480,812
317	Josh Hutcherson	4,857,827,366	28	173,493,835
318	Ross Marquand	4,846,192,166	4	1,211,548,042
319	John Boyega	4,833,276,057	17	284,310,356
320	Graham McTavish	4,828,881,272	15	321,925,418
321	Mel Gibson	4,827,795,047	60	80,463,251
322	Ian McShane	4,812,425,761	34	141,541,934
323	Jada Pinkett Smith	4,811,501,113	28	171,839,325
324	Pat Kiernan	4,808,302,706	9	534,255,856
325	Eddie Marsan	4,801,361,897	44	109,121,861
326	Carla Gugino	4,801,228,330	45	106,693,963
327	Gerard Butler	4,783,915,683	43	111,253,853
328	Richard Jenkins	4,780,275,226	73	65,483,222
329	Jason Bateman	4,778,864,950	41	116,557,682
330	Danny Glover	4,777,297,809	83	57,557,805
331	Joseph Gordon-Levitt	4,772,910,682	41	116,412,456
332	Tim Allen	4,764,493,580	29	164,292,882
333	Colin Farrell	4,751,934,196	52	91,383,350
334	Kelly Kilgour	4,745,647,535	3	1,581,882,512
335	Thomas Haden Church	4,732,847,644	35	135,224,218
336	Maya Rudolph	4,711,302,156	39	120,802,619
337	Bobby Cannavale	4,703,454,756	42	111,987,018
338	Sam Worthington	4,693,391,924	37	126,848,430
339	Jonathan Pryce	4,687,250,005	48	97,651,042
340	Kristen Stewart	4,683,718,823	45	104,082,641
341	John Travolta	4,678,685,246	59	79,299,750
342	Rami Malek	4,677,735,591	18	259,874,200
343	Sung Kang	4,666,552,692	19	245,608,036
344	Adam Brown	4,653,957,764	7	664,851,109
345	Dakota Fanning	4,652,118,423	41	113,466,303
346	Alfre Woodard	4,647,164,950	47	98,875,850
347	Matthew McConaughey	4,647,053,528	52	89,366,414
348	Michael Clarke Duncan	4,643,865,708	39	119,073,480
349	Jennifer Connelly	4,627,298,448	41	112,860,938
350	Michelle Yeoh	4,618,578,992	27	171,058,481
351	Rachel McAdams	4,615,240,531	31	148,878,727
352	Emma Stone	4,614,122,082	26	177,466,234
353	Kiran Shah	4,610,325,235	7	658,617,891
354	Kevin Dunn	4,599,708,849	44	104,538,837
355	Kristen Bell	4,596,761,221	38	120,967,401
356	Tom Hollander	4,573,707,700	35	130,677,363
357	Anna Kendrick	4,553,657,878	43	105,899,020
358	Harry Melling	4,543,721,530	11	413,065,594
359	Diane Lane	4,527,553,903	44	102,898,952
360	Chris Rankin	4,522,130,621	5	904,426,124
361	Tony Shalhoub	4,499,126,371	39	115,362,215
362	Albert Brooks	4,497,733,198	29	155,094,248
363	Jeremy Irons	4,482,243,118	51	87,887,120
364	Peter Stormare	4,467,772,769	68	65,702,541
365	Christopher Walken	4,463,626,223	88	50,723,025
366	Stephen Fry	4,460,131,989	36	123,892,555
367	Richard Schiff	4,456,714,323	55	81,031,170
368	Mike Myers	4,446,390,489	18	247,021,694
369	Kate Winslet	4,436,245,047	46	96,440,110
370	Jon Hamm	4,432,688,419	31	142,989,949
371	Pierre Coffin	4,432,025,948	5	886,405,190
372	Lucas Black	4,419,890,439	19	232,625,813
373	Ray Winstone	4,416,560,556	35	126,187,444
374	Hank Azaria	4,407,978,864	34	129,646,437
375	Paul Walker	4,387,705,178	26	168,757,891
376	Amy Sedaris	4,386,562,841	30	146,218,761
377	Ian McDiarmid	4,383,574,369	13	337,198,028
378	Will Ferrell	4,382,864,409	52	84,285,854
379	Laurie Metcalf	4,382,535,353	31	141,372,108
380	Dominic Monaghan	4,380,372,299	16	273,773,269
381	Bob Peterson	4,380,045,252	6	730,007,542
382	Cedric the Entertainer	4,378,714,559	40	109,467,864
383	Richard Kind	4,364,733,953	41	106,456,926
384	Temuera Morrison	4,360,368,527	19	229,493,080
385	Bruce Campbell	4,352,365,233	32	136,011,414
386	Viggo Mortensen	4,345,081,296	42	103,454,317
387	Ken Watanabe	4,342,760,389	17	255,456,493
388	Gemma Jones	4,339,189,621	23	188,660,418
389	James Marsden	4,336,739,392	44	98,562,259
390	Jordana Brewster	4,331,861,818	18	240,658,990
391	Pierce Brosnan	4,324,994,614	62	69,757,978
392	Keith David	4,317,777,135	81	53,305,891
393	Omar Sy	4,311,616,020	16	269,476,001
394	Glenn Close	4,310,313,497	53	81,326,670
395	Elsa Pataky	4,304,321,749	13	331,101,673
396	John Ortiz	4,304,182,369	35	122,976,639
397	Steve Coulter	4,298,788,524	23	186,903,849
398	Dominic West	4,297,674,345	26	165,295,167
399	Max von Sydow	4,294,434,346	43	99,870,566
400	Denzel Washington	4,292,370,835	52	82,545,593
401	Chris Cooper	4,290,098,432	49	87,553,029
402	Sam Claflin	4,284,882,203	22	194,767,373
403	Jeffrey Tambor	4,283,571,554	52	82,376,376
404	Benjamin Bratt	4,270,759,660	33	129,416,959
405	Christoph Waltz	4,258,410,459	21	202,781,450
406	Kirsten Dunst	4,253,456,397	44	96,669,464
407	Ben Mendelsohn	4,252,171,674	30	141,739,056
408	Wes Studi	4,248,473,347	20	212,423,667
409	Tony Revolori	4,247,068,800	13	326,697,600
410	Denis Leary	4,240,433,607	39	108,729,067
411	Dan Aykroyd	4,239,203,827	64	66,237,560
412	Chris Renaud	4,235,240,601	7	605,034,372
413	Mark Strong	4,234,395,809	47	90,093,528
414	Danny DeVito	4,217,659,678	55	76,684,721
415	Andy Garcia	4,211,961,504	66	63,817,599
416	Peter Mensah	4,208,150,140	13	323,703,857
417	Michelle Pfeiffer	4,201,531,472	47	89,394,287
418	Sacha Baron Cohen	4,199,673,345	16	262,479,584
419	Gary Weeks	4,193,531,953	14	299,537,997
420	Nicholas Hoult	4,185,989,727	29	144,344,473
421	John Kani	4,178,000,416	6	696,333,403
422	Jesse Eisenberg	4,176,953,600	36	116,026,489
423	Gwendoline Christie	4,175,181,316	11	379,561,938
424	Emily Blunt	4,174,962,139	38	109,867,425
425	Brad Bird	4,170,776,113	4	1,042,694,028
426	Tom Wilkinson	4,169,558,130	63	66,183,462
427	Michael Shannon	4,164,077,316	67	62,150,408
428	Liv Tyler	4,162,475,511	31	134,273,404
429	Wayne Knight	4,160,005,071	25	166,400,203
430	Brian Cox	4,144,948,645	77	53,830,502
431	Natalia Tena	4,141,444,894	10	414,144,489
432	Evanna Lynch	4,141,322,457	7	591,617,494
433	Kristen Schaal	4,137,510,347	20	206,875,517
434	Kellan Lutz	4,136,951,839	24	172,372,993
435	J.B. Smoove	4,133,090,877	17	243,122,993
436	James D'Arcy	4,129,884,562	21	196,661,170
437	Ben Whishaw	4,122,590,010	28	147,235,358
438	Jake Johnson	4,121,407,469	22	187,336,703
439	Angourie Rice	4,121,190,351	11	374,653,668
440	Matt Gerald	4,116,629,554	12	343,052,463
441	Mindy Sterling	4,107,645,734	19	216,191,881
442	Anthony Anderson	4,106,486,833	41	100,158,215
443	Chris Pine	4,106,131,615	34	120,768,577
444	Frances de la Tour	4,097,138,415	18	227,618,801
445	Jamie Campbell Bower	4,089,271,967	10	408,927,197
446	Taylor Lautner	4,072,594,445	14	290,899,603
447	Eugene Levy	4,065,521,889	43	94,547,021
448	Christopher Plummer	4,057,251,685	70	57,960,738
449	Michael Fassbender	4,053,723,613	33	122,840,109
450	Nathalie Emmanuel	4,048,779,925	7	578,397,132
451	Helen McCrory	4,045,132,477	15	269,675,498
452	John Lithgow	4,036,730,849	52	77,629,439
453	CCH Pounder	4,032,147,912	16	252,009,245
454	Catherine Keener	4,030,160,716	54	74,632,606
455	Ray Stevenson	4,023,761,909	22	182,898,269
456	John Krasinski	4,023,624,687	34	118,341,903
457	John Malkovich	4,014,488,119	78	51,467,796
458	James Corden	4,012,156,602	24	167,173,192
459	Bronson Webb	4,007,670,281	9	445,296,698
460	Victor Garber	4,004,004,278	26	154,000,165
461	Nick Offerman	3,993,141,129	37	107,922,733
462	Michael Rooker	3,991,464,822	38	105,038,548
463	Zach Galifianakis	3,975,861,682	32	124,245,678
464	Toby Kebbell	3,968,676,951	25	158,747,078
465	Ken Leung	3,965,900,417	19	208,731,601
466	Laz Alonso	3,948,217,032	20	197,410,852
467	Billy Burke	3,930,777,994	20	196,538,900
468	Andrew Garfield	3,923,970,848	19	206,524,781
469	Michael Douglas	3,918,441,876	45	87,076,486
470	Octavia Spencer	3,917,548,892	42	93,274,974
471	Rance Howard	3,913,374,439	54	72,469,897
472	Jane Lynch	3,904,482,774	32	122,015,087
473	Donald Glover	3,903,259,969	11	354,841,815
474	Clint Howard	3,901,614,530	56	69,671,688
475	Stephen Lang	3,890,688,304	54	72,049,783
476	Anna Faris	3,879,391,996	31	125,141,677
477	Tim Rose	3,871,357,135	3	1,290,452,378
478	Ted Raimi	3,869,962,666	26	148,844,718
479	Kevin James	3,851,868,667	24	160,494,528
480	Sean Astin	3,846,403,327	49	78,498,027
481	John DiMaggio	3,840,485,544	7	548,640,792
482	Rupert Everett	3,830,608,189	40	95,765,205
483	Josh Duhamel	3,822,709,023	31	123,313,194
484	Ken Stott	3,804,514,730	15	253,634,315
485	R. Lee Ermey	3,801,272,896	37	102,737,105
486	Jessica Chastain	3,799,323,665	36	105,536,768
487	Robert Hardy	3,788,302,528	12	315,691,877
488	Sally Field	3,780,585,444	31	121,954,369
489	Lucy Alexis Liu	3,777,823,897	40	94,445,597
490	Cillian Murphy	3,776,315,555	29	130,217,778
491	George Harris	3,759,893,722	8	469,986,715
492	Common	3,756,781,914	45	83,484,043
493	Liam Hemsworth	3,744,961,568	16	234,060,098
494	Richard Armitage	3,737,089,173	13	287,468,398
495	Marion Cotillard	3,729,162,168	34	109,681,240
496	Val Kilmer	3,720,408,846	60	62,006,814
497	David Schofield	3,719,430,834	14	265,673,631
498	Jake Gyllenhaal	3,709,141,324	46	80,633,507
499	Michael Stuhlbarg	3,702,232,064	24	154,259,669
500	Jodi Benson	3,700,986,899	6	616,831,150
501	Jorge Lendeborg Jr	3,698,032,891	13	284,464,069
502	Stephen Ure	3,693,830,065	7	527,690,009
503	Terry Crews	3,686,701,890	43	85,737,253
504	Mads Mikkelsen	3,682,447,958	26	141,632,614
505	Amy Poehler	3,679,669,035	27	136,284,038
506	Dave Legeno	3,674,740,647	7	524,962,950
507	Ted Levine	3,667,939,128	35	104,798,261
508	Frances McDormand	3,667,670,650	43	85,294,666
509	Dileep Rao	3,665,870,493	6	610,978,416
510	Vincent D'Onofrio	3,665,082,016	57	64,299,684
511	David Warner	3,653,674,391	29	125,988,772
512	Bruce Spence	3,647,509,931	12	303,959,161
513	Peter Serafinowicz	3,643,393,044	13	280,261,003
514	Jackson Rathbone	3,639,013,083	19	191,527,004
515	Idina Menzel	3,628,186,854	6	604,697,809
516	Kevin Spacey	3,626,850,747	50	72,537,015
517	Clémence Poésy	3,618,540,000	11	328,958,182
518	Christopher Knights	3,616,541,341	7	516,648,763
519	Robin Wright	3,614,350,242	39	92,675,647
520	Salma Hayek	3,610,545,917	53	68,123,508
521	Henry Cavill	3,601,436,705	18	200,079,817
522	Peter Facinelli	3,597,173,020	26	138,352,808
523	Billy Connolly	3,591,419,503	26	138,131,519
524	Bryan Cranston	3,587,748,739	33	108,719,659
525	Leslie Mann	3,583,470,947	34	105,396,204
526	Josh Peck	3,575,883,300	21	170,280,157
527	Bobby Moynihan	3,575,663,979	18	198,647,999
528	Terence Stamp	3,568,895,048	40	89,222,376
529	Danny Huston	3,568,734,311	42	84,969,865
530	Robert Zajonc	3,566,191,913	26	137,161,227
531	Andrew Stanton	3,565,530,903	5	713,106,181
532	Jennifer Saunders	3,560,807,108	12	296,733,926
533	James Hong	3,558,952,643	50	71,179,053
534	Jemaine Clement	3,555,483,862	21	169,308,755
535	Famke Janssen	3,554,892,110	42	84,640,288
536	Michelle Monaghan	3,552,756,474	36	98,687,680
537	Craig T. Nelson	3,546,698,050	31	114,409,615
538	Danny Trejo	3,545,284,746	104	34,089,276
539	Elizabeth Reaser	3,534,321,994	17	207,901,294
540	Kevin Kline	3,529,542,261	51	69,206,711
541	Liev Schreiber	3,527,606,286	60	58,793,438
542	Rachel Weisz	3,526,098,385	45	78,357,742
543	John Cho	3,524,271,439	40	88,106,786
544	Cliff Curtis	3,522,863,413	37	95,212,525
545	Bruce Greenwood	3,522,630,477	55	64,047,827
546	Holly Hunter	3,516,120,391	35	100,460,583
547	James Gaylyn	3,511,255,044	3	1,170,418,348
548	Lake Bell	3,508,262,788	23	152,533,165
549	David Strathairn	3,507,451,310	67	52,350,020
550	Patrick Warburton	3,503,663,351	39	89,837,522
551	Kath Soucie	3,501,255,128	23	152,228,484
552	Richard E. Grant	3,492,142,546	43	81,212,617
553	Yvette Nicole Brown	3,485,670,352	11	316,879,123
554	Vince Vaughn	3,483,495,474	43	81,011,523
555	Ava Acres	3,482,026,963	10	348,202,696
556	Gemma Chan	3,480,219,153	14	248,587,082
557	Ronan Summers	3,473,436,947	5	694,687,389
558	Miranda Otto	3,471,178,599	20	173,558,930
559	Kate Fleetwood	3,464,020,098	5	692,804,020
560	Russell Brand	3,463,661,356	20	173,183,068
561	Patrick Crowley	3,460,251,566	4	865,062,892
562	Ezra Miller	3,454,065,496	14	246,718,964
563	Freddie Stroma	3,450,503,289	8	431,312,911
564	Justin Long	3,450,060,354	56	61,608,221
565	Christopher Mintz-Plasse	3,449,151,782	22	156,779,626
566	Drew Barrymore	3,442,086,526	45	76,490,812
567	Molly Shannon	3,434,437,003	49	70,090,551
568	Jonathan Groff	3,422,403,959	9	380,267,107
569	Andy Richter	3,421,924,576	20	171,096,229
570	Mackenzie Crook	3,421,896,192	16	213,868,512
571	Dolph Lundgren	3,416,258,554	36	94,896,071
572	Rafe Spall	3,411,753,389	21	162,464,447
573	Bill Pullman	3,410,072,993	57	59,825,842
574	Jared Harris	3,409,003,650	43	79,279,155
575	Ashley Greene	3,406,066,679	26	131,002,565
576	Lawrence Makoare	3,403,086,140	6	567,181,023
577	Billy Dee Williams	3,402,691,873	19	179,089,046
578	Don Rickles	3,393,932,820	13	261,071,755
579	Meg Ryan	3,385,148,744	36	94,031,910
580	Bernie Mac	3,375,118,032	28	120,539,930
581	Danny McBride	3,374,707,595	32	105,459,612
582	Jay Baruchel	3,372,843,920	25	134,913,757
583	Thomas Lennon	3,372,739,872	33	102,204,239
584	Larry King	3,371,647,282	31	108,762,816
585	Monica Bellucci	3,369,322,191	25	134,772,888
586	Colm Feore	3,364,728,882	36	93,464,691
587	Guy Pearce	3,362,209,199	52	64,657,869
588	Tadanobu Asano	3,361,725,806	12	280,143,817
589	Joaquin Phoenix	3,355,428,109	38	88,300,740
590	Jason Momoa	3,348,255,914	19	176,223,995
591	Penélope Cruz	3,348,215,782	42	79,719,423
592	Bill Nunn	3,347,826,965	34	98,465,499
593	Dylan Baker	3,347,335,271	51	65,634,025
594	Mel Brooks	3,346,933,148	25	133,877,326
595	Nikki Reed	3,338,059,492	17	196,356,441
596	Mahershala Ali	3,336,957,106	16	208,559,819
597	Reese Witherspoon	3,331,874,623	45	74,041,658
598	Jack Davenport	3,329,308,815	12	277,442,401
599	Christopher Fairbank	3,313,125,346	18	184,062,519
600	Tommy Lister	3,308,950,261	35	94,541,436
601	Dennis Quaid	3,305,462,491	68	48,609,743
602	Billy Zane	3,305,326,921	52	63,563,979
603	Joe Morton	3,304,208,740	30	110,140,291
604	Michelle Williams	3,294,516,206	41	80,354,054
605	Rebecca Ferguson	3,294,423,372	16	205,901,461
606	Cuba Gooding Jr.	3,291,693,456	46	71,558,553
607	Luis Guzmán	3,290,364,124	70	47,005,202
608	Miriam Margolyes	3,279,927,173	18	182,218,176
609	Ray Romano	3,279,436,805	17	192,908,047
610	Javier Bardem	3,279,025,490	31	105,775,016
611	Blake Clark	3,273,711,282	13	251,823,945
612	Steve Zahn	3,270,726,803	50	65,414,536
613	Georgina Leonidas	3,258,671,834	4	814,667,959
614	Kenneth Branagh	3,256,667,927	33	98,686,907
615	Julene Renee	3,251,865,685	6	541,977,614
616	Sterling K. Brown	3,242,005,665	15	216,133,711
617	Harry J. Lennix	3,237,985,446	30	107,932,848
618	Jeff Bridges	3,227,590,100	60	53,793,168
619	Oliver Platt	3,226,547,417	62	52,041,087
620	Jason Lee	3,226,070,782	33	97,759,721
621	Jena Malone	3,218,901,516	37	86,997,338
622	Adewale Akinnuoye-Agbaje	3,217,513,087	20	160,875,654
623	Brett Cullen	3,209,679,918	19	168,930,522
624	Mindy Kaling	3,208,837,621	13	246,833,663
625	Isabella Laughland	3,203,181,667	5	640,636,333
626	Jessie Cave	3,201,691,769	4	800,422,942
627	Scarlett Byrne	3,201,687,615	3	1,067,229,205
628	Anna Shaffer	3,201,687,615	4	800,421,904
629	Edie McClurg	3,194,741,091	37	86,344,354
630	Jennifer Lopez	3,194,659,537	35	91,275,987
631	Joel Edgerton	3,191,267,523	36	88,646,320
632	Margot Robbie	3,189,649,382	26	122,678,822
633	Jennifer Coolidge	3,187,651,841	41	77,747,606
634	Hugh Grant	3,182,110,779	34	93,591,494
635	Alec Guinness	3,179,424,368	24	132,476,015
636	Bruce McGill	3,176,565,189	52	61,087,792
637	Katherine Langford	3,176,273,375	4	794,068,344
638	Tiffany Espensen	3,175,570,059	6	529,261,677
639	Kelsey Grammer	3,175,409,077	34	93,394,385
640	Dan Fogler	3,172,019,383	25	126,880,775
641	Billy Boyd	3,170,725,414	10	317,072,541
642	David Bailie	3,170,711,243	6	528,451,874
643	Chin Han	3,167,307,551	8	395,913,444
644	Jonathan Hyde	3,166,145,108	10	316,614,511
645	Stephen Graham	3,164,273,671	22	143,830,621
646	Robert Patrick	3,162,057,581	54	58,556,622
647	Alan Arkin	3,160,107,491	52	60,771,298
648	Desmond Llewelyn	3,159,360,284	19	166,282,120
649	Rowan Atkinson	3,153,436,312	16	197,089,770
650	Sam Rockwell	3,151,137,280	63	50,018,052
651	Kelly Macdonald	3,150,919,059	25	126,036,762
652	Robert Duvall	3,150,315,814	68	46,328,174
653	Mckenna Grace	3,145,119,820	18	174,728,879
654	Taraji P. Henson	3,145,087,783	37	85,002,373
655	Jack Nicholson	3,142,742,151	40	78,568,554
656	Patrick Pinney	3,137,196,344	18	174,288,686
657	Rob Schneider	3,134,073,723	44	71,228,948
658	Kathryn Hahn	3,132,326,380	34	92,127,246
659	Jean-Claude Van Damme	3,130,825,745	47	66,613,314
660	Zachary Levi	3,128,131,198	19	164,638,484
661	Jed Brophy	3,127,193,844	6	521,198,974
662	Sebastian Armesto	3,126,145,128	3	1,042,048,376
663	Harry Dean Stanton	3,125,958,338	59	52,982,345
664	Eric Bana	3,124,577,191	26	120,176,046
665	Rade Sherbedgia	3,123,826,666	22	141,992,121
666	Kyle Chandler	3,123,135,522	19	164,375,554
667	Nick Nolte	3,118,537,325	70	44,550,533
668	Martin Sheen	3,117,723,319	62	50,285,860
669	Christine Baranski	3,114,436,218	34	91,601,065
670	Casey Affleck	3,111,611,703	36	86,433,658
671	Kevin Dorman	3,109,779,882	2	1,554,889,941
672	Matthew Wood	3,109,750,822	6	518,291,804
673	Sean Connery	3,103,469,645	48	64,655,618
674	David Dastmalchian	3,090,487,862	16	193,155,491
675	David Spade	3,088,090,636	34	90,826,195
676	Marco Khan	3,083,110,546	11	280,282,777
677	Eddie Izzard	3,081,231,246	34	90,624,448
678	Woody Schultz	3,080,622,689	2	1,540,311,345
679	Missi Pyle	3,076,907,390	29	106,100,255
680	Lee Arenberg	3,073,997,406	24	128,083,225
681	Matthew Broderick	3,067,206,502	47	65,259,713
682	Harvey Keitel	3,064,667,230	77	39,800,873
683	Joel Moore	3,064,239,336	15	204,282,622
684	Amanda Seyfried	3,063,633,533	36	85,100,931
685	Randall Park	3,063,616,864	22	139,255,312
686	Isabella Amara	3,062,962,630	9	340,329,181
687	James Rebhorn	3,060,049,288	44	69,546,575
688	Walt Dohrn	3,056,676,718	8	382,084,590
689	Annie Potts	3,051,984,426	21	145,332,592
690	Joe Pantoliano	3,050,655,098	54	56,493,613
691	Topher Grace	3,047,291,909	27	112,862,663
692	Garry Shandling	3,036,138,463	15	202,409,231
693	Aidan Turner	3,034,723,864	9	337,191,540
694	Timothy Dalton	3,033,462,556	17	178,438,974
695	Jennifer Aniston	3,031,636,717	37	81,936,127
696	Irrfan Khan	3,031,355,362	25	121,254,214
697	Peter G. Reed	3,030,813,281	3	1,010,271,094
698	Scott Lawrence	3,028,088,040	4	757,022,010
699	Ty Olsson	3,025,052,501	14	216,075,179
700	Viola Davis	3,024,758,965	38	79,598,920
701	Seth Green	3,024,400,214	46	65,747,831
702	James Kevin Ward	3,017,905,523	3	1,005,968,508
703	Pete Postlethwaite	3,016,411,836	29	104,014,201
704	Alan Cumming	3,014,814,250	41	73,532,055
705	Miranda Richardson	3,012,001,600	35	86,057,189
706	Jay Hernandez	3,008,505,508	25	120,340,220
707	Jon Curry	3,008,397,879	2	1,504,198,940
708	Mark Hadlow	3,000,168,127	5	600,033,625
709	Jay Leno	2,997,289,080	37	81,007,813
710	Gary Sinise	2,994,330,345	26	115,166,552
711	Dan Hedaya	2,993,465,427	51	58,695,401
712	Kevin Bacon	2,991,784,341	60	49,863,072
713	James Nesbitt	2,989,388,413	8	373,673,552
714	Kenneth Choi	2,988,975,653	11	271,725,059
715	Austin Pendleton	2,987,152,952	48	62,232,353
716	Jack McGee	2,986,927,946	49	60,957,713
717	Booboo Stewart	2,983,762,451	24	124,323,435
718	Derek Jacobi	2,983,678,031	33	90,414,486
719	Stephen Tobolowsky	2,983,580,631	67	44,531,054
720	Cody Cameron	2,982,889,432	6	497,148,239
721	Javier Botet	2,982,659,768	14	213,047,126
722	Aaron Eckhart	2,981,885,805	39	76,458,610
723	Michael Gough	2,981,419,301	22	135,519,059
724	Hayden Christensen	2,979,693,125	20	148,984,656
725	Christopher Lloyd	2,975,212,545	72	41,322,396
726	Steve Martin	2,972,592,740	46	64,621,581
727	Jeff Daniels	2,969,189,108	53	56,022,436
728	Al Pacino	2,966,527,312	51	58,167,202
729	Estelle Harris	2,965,357,135	13	228,104,395
730	Dale Dye	2,964,712,551	32	92,647,267
731	Paula Malcomson	2,960,931,196	10	296,093,120
732	Josh Cowdery	2,959,867,154	4	739,966,789
733	Willow Shields	2,958,353,344	4	739,588,336
734	Neil Patrick Harris	2,955,584,157	23	128,503,659
735	Sven-Ole Thorsen	2,949,706,094	30	98,323,536
736	Patrick St. Esprit	2,949,400,525	12	245,783,377
737	Aaron Taylor-Johnson	2,947,674,304	19	155,140,753
738	Don Omar	2,947,293,028	4	736,823,257
739	Dee Bradley Baker	2,944,524,685	13	226,501,899
740	Bill Smitrovich	2,944,291,785	24	122,678,824
741	Emily Mortimer	2,942,063,889	42	70,049,140
742	Eddie Redmayne	2,941,220,750	17	173,012,985
743	Jacob Tomuri	2,941,155,026	2	1,470,577,513
744	Simon McBurney	2,940,497,181	12	245,041,432
745	Elle Fanning	2,931,882,587	42	69,806,728
746	Jason Whyte	2,931,379,812	2	1,465,689,906
747	Paul Yates	2,931,379,812	2	1,465,689,906
748	Tracey Walter	2,927,552,367	55	53,228,225
749	Emma Fuhrmann	2,925,916,722	4	731,479,181
750	Catherine O'Hara	2,923,237,777	37	79,006,426
751	Richard Harris	2,922,629,833	31	94,278,382
752	Diane Keaton	2,921,855,229	47	62,167,133
753	Debra Wilson	2,921,192,891	11	265,562,990
754	Charlie Bewley	2,917,006,068	8	364,625,759
755	Sylvester McCoy	2,916,296,761	6	486,049,460
756	William Kircher	2,915,418,306	4	728,854,577
757	Gene Hackman	2,914,908,949	63	46,268,396
758	Stephen Hunter	2,914,741,300	5	582,948,260
759	Manu Bennett	2,914,696,643	5	582,939,329
760	Peter Hambleton	2,914,686,539	3	971,562,180
761	Dean O'Gorman	2,914,686,539	3	971,562,180
762	John Callen	2,914,686,539	3	971,562,180
763	Chaske Spencer	2,912,533,001	8	364,066,625
764	Philip Baker Hall	2,910,197,949	49	59,391,795
765	Kevin Durand	2,909,442,653	28	103,908,666
766	Xander Berkeley	2,908,701,262	56	51,941,094
767	Luke Hawker	2,907,951,386	3	969,317,129
768	Crispin Glover	2,903,292,002	35	82,951,200
769	Nathan Fillion	2,902,949,322	18	161,274,962
770	Oliver Ford Davies	2,902,195,017	15	193,479,668
771	Mila Kunis	2,895,719,619	29	99,852,401
772	Campbell Scott	2,893,929,563	28	103,354,627
773	Cameron Bright	2,890,576,228	13	222,352,018
774	Robin Atkin Downes	2,890,535,864	9	321,170,652
775	John Michael Higgins	2,888,179,665	28	103,149,274
776	Carrie Coon	2,887,754,767	10	288,775,477
777	Daniel Bernhardt	2,881,879,030	15	192,125,269
778	Michael Blain-Rozgay	2,881,692,486	2	1,440,846,243
779	Andy Samberg	2,879,873,465	22	130,903,339
780	Maggie Grace	2,878,294,792	24	119,928,950
781	Sean Patrick Murphy	2,877,091,966	2	1,438,545,983
782	Ilram Choi	2,876,194,569	2	1,438,097,285
783	Vera Farmiga	2,856,539,640	43	66,431,154
784	Kate McKinnon	2,852,625,550	17	167,801,503
785	Barry Pepper	2,851,188,058	29	98,316,830
786	Nathan Meister	2,850,962,993	2	1,425,481,497
787	Timothy Bartlett	2,846,544,927	3	948,848,309
788	Patricia Clarkson	2,845,918,728	53	53,696,580
789	Sean Anthony Moran	2,845,899,541	1	2,845,899,541
790	James Pitt	2,845,899,541	1	2,845,899,541
791	Peter Dillon	2,845,899,541	1	2,845,899,541
792	Kelson Henderson	2,845,899,541	1	2,845,899,541
793	David Van Horn	2,845,899,541	1	2,845,899,541
794	Sonia Yee	2,845,899,541	1	2,845,899,541
795	Jahnel Curfman	2,845,899,541	1	2,845,899,541
796	Kyla Warren	2,845,899,541	1	2,845,899,541
797	Lucy Briant	2,845,899,541	1	2,845,899,541
798	Gerry Blair	2,845,899,541	1	2,845,899,541
799	Matt Chamberlain	2,845,899,541	1	2,845,899,541
800	Wray Wilson	2,845,899,541	1	2,845,899,541
801	Gil Birmingham	2,845,392,558	11	258,672,051
802	Justice Smith	2,844,605,485	9	316,067,276
803	Thandiwe Newton	2,842,897,245	30	94,763,242
804	Max Martini	2,841,425,255	19	149,548,698
805	Deobia Oparei	2,839,926,788	9	315,547,421
806	Ty Burrell	2,839,893,433	21	135,233,021
807	Albert Finney	2,837,584,644	30	94,586,155
808	Julian Glover	2,836,585,185	19	149,293,957
809	Thomas Kretschmann	2,831,973,734	36	78,665,937
810	Dennis Haysbert	2,828,610,027	37	76,448,920
811	Alex Meraz	2,827,770,837	5	565,554,167
812	John Cusack	2,826,466,253	79	35,778,054
813	Renée Zellweger	2,824,713,987	36	78,464,277
814	Geraldine James	2,819,093,154	16	176,193,322
815	Justin Theroux	2,817,479,582	27	104,351,096
816	Shirley Henderson	2,817,128,134	28	100,611,719
817	Ron Perlman	2,814,832,554	70	40,211,894
818	Santino Fontana	2,814,518,763	5	562,903,753
819	Richard Gere	2,814,019,663	50	56,280,393
820	Ed Helms	2,808,514,878	31	90,597,254
821	Wanda Sykes	2,808,060,479	20	140,403,024
822	Allen Covert	2,804,656,107	22	127,484,369
823	Chris Wedge	2,804,467,579	4	701,116,895
824	Rosemary Harris	2,801,858,027	16	175,116,127
825	Danny Nucci	2,801,587,529	10	280,158,753
826	Michael Giacchino	2,800,534,165	3	933,511,388
827	Keri Russell	2,798,250,025	22	127,193,183
828	Lexi Rabe	2,797,939,129	2	1,398,969,565
829	Joe Russo	2,797,800,564	1	2,797,800,564
830	Jim Starlin	2,797,800,564	1	2,797,800,564
831	Ava Russo	2,797,800,564	1	2,797,800,564
832	Lia Russo	2,797,800,564	1	2,797,800,564
833	Joonas Suotamo	2,797,634,975	3	932,544,992
834	Tony Jaa	2,796,122,583	14	199,723,042
835	Brendan Fraser	2,795,927,855	48	58,248,497
836	Billy Bob Thornton	2,795,761,454	58	48,202,784
837	Scott Eastwood	2,795,705,402	20	139,785,270
838	James Remar	2,792,629,865	47	59,417,657
839	Anna Paquin	2,789,319,689	32	87,166,240
840	Bridget Hoffman	2,787,933,178	14	199,138,084
841	Andy Nyman	2,786,699,805	11	253,336,346
842	Embeth Davidtz	2,781,738,079	23	120,945,134
843	Jean Reno	2,781,483,409	40	69,537,085
844	Leslie Phillips	2,775,260,429	8	346,907,554
845	Joey King	2,774,334,658	24	115,597,277
846	Lea Seydoux	2,773,995,817	23	120,608,514
847	James DuMont	2,773,700,766	17	163,158,869
848	Patrick Gallagher	2,769,354,978	8	346,169,372
849	Genevieve O'Reilly	2,768,576,846	10	276,857,685
850	Miguel Ferrer	2,764,746,609	26	106,336,408
851	Zeljko Ivanek	2,764,672,320	29	95,333,528
852	Anton Yelchin	2,764,621,436	33	83,776,407
853	Spencer Wilding	2,763,021,159	10	276,302,116
854	Stephen McFeely	2,762,761,643	2	1,381,380,822
855	John Cena	2,760,680,004	25	110,427,200
856	Mackenzie Foy	2,758,910,666	8	344,863,833
857	Ned Beatty	2,758,030,586	44	62,682,513
858	Jennifer Garner	2,757,204,467	33	83,551,651
859	Shefali Chowdhury	2,755,777,158	3	918,592,386
860	Patton Oswalt	2,753,935,789	42	65,569,900
861	Eden Estrella	2,751,257,282	2	1,375,628,641
862	Jenifer Lewis	2,751,248,075	31	88,749,938
863	Catherine Zeta-Jones	2,749,165,515	26	105,737,135
864	Jimmy Vee	2,748,146,621	4	687,036,655
865	Walton Goggins	2,747,274,697	23	119,446,726
866	Jimmy Smits	2,747,242,528	16	171,702,658
867	Rodrigo Santoro	2,745,963,266	25	109,838,531
868	Verne Troyer	2,744,856,447	16	171,553,528
869	Tommy Flanagan	2,743,484,329	28	97,981,583
870	Joe Chrest	2,743,235,573	20	137,161,779
871	Brian Tee	2,742,762,118	6	457,127,020
872	Jai Courtney	2,739,080,982	19	144,162,157
873	Cliff Robertson	2,739,019,459	18	152,167,748
874	Kelly Marie Tran	2,736,143,167	4	684,035,792
875	Jason Clarke	2,731,638,394	30	91,054,613
876	Matthew Cornwell	2,728,750,706	9	303,194,523
877	Elizabeth Debicki	2,722,539,727	14	194,467,123
878	John Oliver	2,718,591,133	6	453,098,522
879	Frances Fisher	2,715,071,949	24	113,127,998
880	Nasim Pedrad	2,702,804,852	7	386,114,979
881	Susan Sarandon	2,700,842,905	81	33,343,740
882	Chris O'Dowd	2,700,616,863	23	117,418,124
883	Jonathan Banks	2,698,592,255	30	89,953,075
884	Donnie Yen	2,696,606,531	27	99,874,316
885	Lindsay Duncan	2,693,300,039	20	134,665,002
886	David Harbour	2,692,238,143	26	103,547,621
887	Ashley McGuire	2,690,861,312	5	538,172,262
888	Tom McGrath	2,690,674,068	6	448,445,678
889	Max Charles	2,690,399,541	6	448,399,924
890	William H. Macy	2,686,726,910	72	37,315,652
891	Jaime Camil	2,686,649,540	12	223,887,462
892	Wayne Pére	2,684,818,641	16	167,801,165
893	Miranda Cosgrove	2,683,588,067	8	335,448,508
894	Sam Elliott	2,682,999,999	36	74,527,778
895	Patrick Dempsey	2,681,577,210	25	107,263,088
896	Jim Carter	2,678,670,301	14	191,333,593
897	Miles Teller	2,677,074,054	21	127,479,717
898	Billy Crystal	2,672,407,221	30	89,080,241
899	Vicki Lewis	2,672,049,061	12	222,670,755
900	Celia Imrie	2,668,502,309	23	116,021,840
901	Ed O'Neill	2,658,920,750	20	132,946,038
902	Megan Fox	2,657,199,206	21	126,533,296
903	Connie Nielsen	2,655,685,467	31	85,667,273
904	Carl Reiner	2,653,661,435	26	102,063,901
905	Jeff Pidgeon	2,653,318,127	3	884,439,376
906	Silas Carson	2,649,005,511	6	441,500,919
907	Tony Goldwyn	2,648,811,578	28	94,600,414
908	Mark Ryan	2,647,874,477	5	529,574,895
909	Akie Kotabe	2,647,649,203	7	378,235,600
910	Bernard Fox	2,642,372,033	4	660,593,008
911	Beyoncé Knowles	2,638,936,184	10	263,893,618
912	George Lopez	2,636,114,189	31	85,035,942
913	Bill Skarsgård	2,635,873,021	18	146,437,390
914	Karan Soni	2,633,534,043	17	154,913,767
915	Charlie Day	2,622,620,611	15	174,841,374
916	Andy Buckley	2,618,359,170	11	238,032,652
917	Randall Duk Kim	2,614,930,500	9	290,547,833
918	Jamie McShane	2,609,162,537	7	372,737,505
919	Michael Welch	2,606,613,153	13	200,508,704
920	Judah Friedlander	2,604,812,568	12	217,067,714
921	John Brotherton	2,603,776,198	5	520,755,240
922	Awkwafina	2,600,376,803	19	136,861,937
923	Marc McClure	2,599,822,049	22	118,173,730
924	Sala Baker	2,589,893,162	7	369,984,737
925	Delroy Lindo	2,585,939,373	36	71,831,649
926	Zac Efron	2,584,727,261	32	80,772,727
927	Cary Elwes	2,583,490,445	57	45,324,394
928	Richard Dreyfuss	2,583,241,720	58	44,538,650
929	Joseph Mazzello	2,581,137,402	8	322,642,175
930	Rainn Wilson	2,580,463,000	24	107,519,292
931	Kerry Washington	2,580,311,449	30	86,010,382
932	Pip Torrens	2,579,936,004	10	257,993,600
933	Stephen Kearin	2,578,179,331	6	429,696,555
934	Tony Hale	2,576,690,788	23	112,030,034
935	Rosario Dawson	2,575,130,074	52	49,521,732
936	Marcia Gay Harden	2,575,088,199	53	48,586,570
937	Carl Weathers	2,568,732,488	17	151,101,911
938	Charlton Heston	2,568,009,548	37	69,405,663
939	Toni Collette	2,566,517,734	61	42,074,061
940	Dominic Cooper	2,565,552,241	23	111,545,750
941	Rebecca Hall	2,561,673,319	32	80,052,291
942	John Bell	2,560,633,406	5	512,126,681
943	Ewen Bremner	2,560,094,481	20	128,004,724
944	Jackie Gonneau	2,559,582,599	9	284,398,067
945	David Ogden Stiers	2,555,920,969	31	82,449,064
946	Ellie Kemper	2,553,630,153	11	232,148,196
947	Bill Cobbs	2,553,537,582	43	59,384,595
948	Dana Gaier	2,551,643,395	4	637,910,849
949	Andrew Jack	2,546,331,619	3	848,777,206
950	Bill Camp	2,544,915,260	28	90,889,831
951	Olivia Munn	2,544,426,177	20	127,221,309
952	Tim Blake Nelson	2,543,719,791	65	39,134,151
953	Billy Crudup	2,541,930,230	38	66,892,901
954	Ahmed Best	2,539,276,348	4	634,819,087
955	Edward Norton	2,538,615,063	38	66,805,660
956	David Oyelowo	2,537,830,321	31	81,865,494
957	Kristin Scott Thomas	2,537,529,799	49	51,786,322
958	Tim Robbins	2,537,048,067	50	50,740,961
959	Nick Swardson	2,536,956,510	25	101,478,260
960	Aasif Mandvi	2,528,751,137	28	90,312,541
961	Justin Chon	2,528,504,469	14	180,607,462
962	Nathan Lane	2,512,677,528	36	69,796,598
963	Charles Dance	2,511,702,283	38	66,097,429
964	Martin Starr	2,509,622,577	24	104,567,607
965	Hector Elizondo	2,508,449,940	42	59,724,999
966	Brian Tyree Henry	2,508,084,252	18	139,338,014
967	Isla Fisher	2,504,580,565	30	83,486,019
968	Christopher Heyerdahl	2,502,258,757	12	208,521,563
969	Craig Ferguson	2,495,859,612	13	191,989,201
970	Martin Lawrence	2,492,899,805	27	92,329,622
971	Jeremy Piven	2,491,222,187	53	47,004,192
972	Olek Krupa	2,489,047,148	10	248,904,715
973	Terrence Howard	2,487,627,866	46	54,078,867
974	Christian Serratos	2,484,306,016	5	496,861,203
975	Jet Li	2,480,598,092	21	118,123,719
976	Billy Eichner	2,479,051,191	7	354,150,170
977	John Bach	2,479,000,678	6	413,166,780
978	Scott Glenn	2,470,448,019	44	56,146,546
979	Said Taghmaoui	2,465,692,444	21	117,413,926
980	Michael Adamthwaite	2,465,090,884	16	154,068,180
981	Beth Grant	2,464,708,617	45	54,771,303
982	Julia Stiles	2,464,133,329	37	66,598,198
983	Billy Magnussen	2,463,193,309	17	144,893,724
984	Chad Randall	2,462,312,667	5	492,462,533
985	Dana Ivey	2,460,772,287	28	87,884,725
986	James Badge Dale	2,460,378,656	24	102,515,777
987	William Sadler	2,460,288,806	49	50,209,976
988	Eva Green	2,459,871,200	19	129,466,905
989	Nick Kroll	2,459,023,547	21	117,096,359
990	Ólafur Darri Ólafsson	2,453,947,098	13	188,765,161
991	Demi Moore	2,453,656,276	42	58,420,388
992	Peter Sarsgaard	2,450,909,160	43	56,997,887
993	Harry Shearer	2,449,636,575	39	62,811,194
994	Clint Eastwood	2,448,734,167	52	47,091,042
995	Jeremy Bulloch	2,446,950,555	8	305,868,819
996	Nick Jonas	2,445,587,588	13	188,122,122
997	Gabriel Iglesias	2,443,029,429	18	135,723,857
998	Gerry Becker	2,439,425,981	14	174,244,713
999	Madeleine McGraw	2,438,604,142	6	406,434,024
1000	M. Night Shyamalan	2,438,250,782	9	270,916,754
