rank_director;director;box_office_director;movies_director;average_director
1;Steven Spielberg;10,623,616,460;37;287,124,769
2;Anthony Russo;6,843,331,520;8;855,416,440
3;Joe Russo;6,843,331,520;9;760,370,169
4;Peter Jackson;6,536,773,156;15;435,784,877
5;Michael Bay;6,495,373,791;16;405,960,862
6;David Yates;6,355,276,053;10;635,527,605
7;James Cameron;6,291,633,501;14;449,402,393
8;Christopher Nolan;4,957,858,923;13;381,373,763
9;J.J. Abrams;4,649,045,992;6;774,840,999
10;Tim Burton;4,413,606,915;19;232,295,101
11;Ridley Scott;4,366,338,744;31;140,849,637
12;Robert Zemeckis;4,356,937,585;22;198,042,618
13;Jon Favreau;4,320,139,427;9;480,015,492
14;Ron Howard;4,300,982,777;33;130,332,811
15;Sam Raimi;4,262,980,813;15;284,198,721
16;Chris Columbus;4,079,261,641;17;239,956,567
17;Roland Emmerich;4,015,745,606;15;267,716,374
18;Jon Watts;3,899,710,907;5;779,942,181
19;James Wan;3,723,439,190;12;310,286,599
20;Bryan Singer;3,716,553,162;10;371,655,316
21;Pierre Coffin;3,709,029,583;4;927,257,396
22;Gore Verbinski;3,682,489,019;11;334,771,729
23;George Lucas;3,448,142,176;6;574,690,363
24;Brad Bird;3,433,470,811;6;572,245,135
25;Francis Lawrence;3,350,317,781;10;335,031,778
26;Clint Eastwood;3,332,189,924;39;85,440,767
27;Chris Renaud;3,201,238,596;5;640,247,719
28;Todd Phillips;3,179,217,391;11;289,019,763
29;Zack Snyder;3,170,405,984;12;264,200,499
30;M. Night Shyamalan;3,108,447,848;13;239,111,373
31;Sam Mendes;3,088,436,155;10;308,843,616
32;Carlos Saldanha;3,069,459,365;7;438,494,195
33;Bill Condon;3,051,432,832;12;254,286,069
34;Justin Lin;3,014,447,202;10;301,444,720
35;Joss Whedon;2,955,065,480;4;738,766,370
36;Kyle Balda;2,913,344,540;3;971,114,847
37;Tom McGrath;2,899,631,049;7;414,233,007
38;Andrew Stanton;2,776,387,102;4;694,096,776
39;Shawn Levy;2,713,213,583;14;193,800,970
40;Jennifer Lee;2,708,488,103;2;1,354,244,052
41;Chris Buck;2,708,488,103;2;1,354,244,052
42;Guy Ritchie;2,694,977,759;17;158,528,103
43;Colin Trevorrow;2,628,904,189;5;525,780,838
44;Andrew Adamson;2,600,025,168;6;433,337,528
45;Conrad Vernon;2,525,483,543;7;360,783,363
46;John Lasseter;2,466,673,153;6;411,112,192
47;Eric Darnell;2,422,562,005;5;484,512,401
48;Barry Sonnenfeld;2,422,304,041;12;201,858,670
49;Tsui Hark;2,315,878,652;11;210,534,423
50;Steven Soderbergh;2,292,578,496;35;65,502,243
51;Jon Turteltaub;2,268,844,314;11;206,258,574
52;Pete Docter;2,263,485,630;4;565,871,408
53;F. Gary Gray;2,251,163,261;13;173,166,405
54;Matt Reeves;2,173,401,429;6;362,233,572
55;Kaige Chen;2,171,402,785;9;241,266,976
56;Jake Kasdan;2,165,644,915;8;270,705,614
57;Brett Ratner;2,153,851,289;12;179,487,607
58;Martin Scorsese;2,153,735,045;30;71,791,168
59;Byron Howard;2,148,392,792;4;537,098,198
60;Rob Marshall;2,132,431,027;7;304,633,004
61;Tony Scott;2,109,630,379;16;131,851,899
62;David Fincher;2,108,393,607;11;191,672,146
63;Martin Campbell;2,051,150,234;14;146,510,731
64;Andy Wachowski;2,044,912,839;7;292,130,406
65;James Mangold;2,038,633,162;12;169,886,097
66;Joseph Kosinski;2,036,106,394;5;407,221,279
67;Rich Moore;2,030,432,286;3;676,810,762
68;Rob Minkoff;2,024,874,383;9;224,986,043
69;Quentin Tarantino;1,971,792,367;11;179,253,852
70;Richard Donner;1,959,634,200;18;108,868,567
71;Raja Gosnell;1,895,767,721;11;172,342,520
72;Chen Sicheng;1,895,729,416;6;315,954,903
73;Lee Unkrich;1,866,545,947;2;933,272,974
74;James Gunn;1,851,804,751;7;264,543,536
75;Kenneth Branagh;1,850,476,309;19;97,393,490
76;Wolfgang Petersen;1,825,552,544;11;165,959,322
77;Dante Lam;1,825,187,106;8;228,148,388
78;Rian Johnson;1,819,297,720;6;303,216,287
79;Ivan Reitman;1,818,221,409;15;121,214,761
80;Dennis Dugan;1,799,970,594;15;119,998,040
81;Jay Roach;1,798,699,200;13;138,361,477
82;Garry Marshall;1,765,337,519;18;98,074,307
83;Mike Newell;1,763,991,763;17;103,764,221
84;Ron Clements;1,746,271,425;6;291,045,238
85;Mike Mitchell;1,736,145,017;8;217,018,127
86;Joe Johnston;1,734,395,893;11;157,672,354
87;John Musker;1,722,665,891;5;344,533,178
88;Peyton Reed;1,699,631,891;7;242,804,556
89;Christopher McQuarrie;1,693,406,457;5;338,681,291
90;Ang Lee;1,692,941,738;14;120,924,410
91;Rob Letterman;1,668,993,565;7;238,427,652
92;Joel Schumacher;1,666,290,707;23;72,447,422
93;Paul W.S. Anderson;1,655,711,177;13;127,362,398
94;Alfonso Cuarón;1,653,059,361;9;183,673,262
95;Taika Waititi;1,646,002,468;11;149,636,588
96;David Leitch;1,645,089,499;5;329,017,900
97;Dean DeBlois;1,630,671,606;5;326,134,321
98;Ruben Fleischer;1,626,491,339;6;271,081,890
99;Marc Forster;1,616,341,060;13;124,333,928
100;Juan Antonio Bayona;1,603,589,334;4;400,897,334
101;Gareth Edwards;1,589,851,397;4;397,462,849
102;Robert Rodriguez;1,584,836,789;24;66,034,866
103;Paul Greengrass;1,580,532,627;10;158,053,263
104;Peter Berg;1,579,933,649;12;131,661,137
105;Tom Shadyac;1,579,209,212;8;197,401,152
106;Marc Webb;1,540,422,720;7;220,060,389
107;Matthew Vaughn;1,536,198,335;8;192,024,792
108;Stephen Sommers;1,535,016,119;8;191,877,015
109;Ryan Coogler;1,527,611,547;4;381,902,887
110;Peter Farrelly;1,526,126,918;16;95,382,932
111;Doug Liman;1,514,433,829;13;116,494,910
112;Chris Weitz;1,512,129,357;8;189,016,170
113;Lana Wachowski;1,462,803,727;7;208,971,961
114;Kelly Asbury;1,461,448,997;5;292,289,799
115;Shane Black;1,451,306,046;5;290,261,209
116;Jon M. Chu;1,433,951,121;10;143,395,112
117;Steve Martino;1,429,334,633;4;357,333,658
118;Bobby Farrelly;1,421,368,620;13;109,336,048
119;Chris Sanders;1,421,100,353;4;355,275,088
120;Hao Ning;1,416,554,571;5;283,310,914
121;Rob Cohen;1,412,045,943;14;100,860,425
122;Tim Story;1,407,246,923;15;93,816,462
123;Edward Zwick;1,392,979,729;14;99,498,552
124;Scott Derrickson;1,377,664,258;7;196,809,180
125;Genndy Tartakovsky;1,375,903,297;3;458,634,432
126;Antoine Fuqua;1,375,721,769;21;65,510,560
127;Barry Levinson;1,363,574,206;27;50,502,748
128;Chris Miller;1,362,318,413;3;454,106,138
129;Nancy Meyers;1,351,418,684;6;225,236,447
130;Kirk Wise;1,334,091,019;5;266,818,204
131;John Woo;1,328,084,552;14;94,863,182
132;Brad Peyton;1,324,749,337;8;165,593,667
133;Woody Allen;1,318,327,758;49;26,904,648
134;Louis Leterrier;1,312,223,428;10;131,222,343
135;Oliver Stone;1,309,326,112;21;62,348,862
136;Sylvester Stallone;1,297,392,354;8;162,174,044
137;Joachim Ronnin;1,284,208,289;2;642,104,145
138;Sydney Pollack;1,272,536,122;17;74,855,066
139;Luc Besson;1,271,062,726;15;84,737,515
140;Jan De Bont;1,266,649,848;6;211,108,308
141;Hu Guan;1,265,424,069;5;253,084,814
142;Guillermo del Toro;1,247,757,718;15;83,183,848
143;John McTiernan;1,243,282,732;11;113,025,703
144;George Miller;1,240,898,146;13;95,453,704
145;Phil Lord;1,239,058,700;6;206,509,783
146;Christopher Miller;1,239,058,700;5;247,811,740
147;Phillip Noyce;1,238,766,966;15;82,584,464
148;Jennifer Yuh Nelson;1,224,369,800;3;408,123,267
149;Paul Feig;1,224,283,925;10;122,428,393
150;Peter Segal;1,222,685,923;11;111,153,266
151;Renny Harlin;1,204,112,407;23;52,352,713
152;Gary Ross;1,197,400,146;5;239,480,029
153;Adam Shankman;1,193,722,633;10;119,372,263
154;Roger Allers;1,179,227,388;3;393,075,796
155;Michael Apted;1,169,928,194;25;46,797,128
156;Zhang Yimou;1,167,809,940;19;61,463,681
157;Joel Coen;1,161,664,659;19;61,140,245
158;Simon West;1,149,901,855;12;95,825,155
159;Mel Gibson;1,146,175,415;7;163,739,345
160;Baz Luhrmann;1,145,880,484;7;163,697,212
161;Ryan Fleck;1,142,864,626;5;228,572,925
162;Anna Boden;1,137,952,901;4;284,488,225
163;Hayao Miyazaki;1,129,556,605;11;102,686,964
164;Muye Wen;1,128,740,519;4;282,185,130
165;David Ayer;1,105,016,796;10;110,501,680
166;David Silverman;1,100,184,449;3;366,728,150
167;Robert Schwentke;1,094,432,871;8;136,804,109
168;Joseph McGinty Nichol;1,092,275,899;11;99,297,809
169;Alan Taylor;1,090,174,860;4;272,543,715
170;Denis Villeneuve;1,078,255,563;8;134,781,945
171;Josh Cooley;1,073,080,329;2;536,540,165
172;Paul Verhoeven;1,065,490,904;13;81,960,839
173;Wu Jing;1,054,362,343;2;527,181,172
174;Jonathan Liebesman;1,054,256,576;4;263,564,144
175;Lasse Hallström;1,051,158,504;18;58,397,695
176;Patty Jenkins;1,048,618,774;4;262,154,694
177;Mike Nichols;1,047,422,380;18;58,190,132
178;Michael Mann;1,041,944,611;13;80,149,585
179;Brian De Palma;1,036,841,511;24;43,201,730
180;Garth Jennings;1,034,002,005;2;517,001,003
181;Tim Miller;1,032,320,058;2;516,160,029
182;Jaume Collet-Serra;1,026,559,432;10;102,655,943
183;Tyler Perry;1,024,494,330;25;40,979,773
184;Stephen Chow;1,017,854,320;6;169,642,387
185;Betty Thomas;1,016,552,451;7;145,221,779
186;Tom Hooper;1,015,682,843;5;203,136,569
187;Frank Coraci;995,262,143;9;110,584,683
188;Chris Williams;976,430,053;3;325,476,684
189;Francis Ford Coppola;967,504,689;23;42,065,421
190;Tim Johnson;962,620,890;5;192,524,178
191;John Landis;961,746,356;18;53,430,353
192;Danny Boyle;958,578,388;15;63,905,226
193;Rawson Marshall Thurber;957,925,667;6;159,654,278
194;Rob Reiner;955,437,739;20;47,771,887
195;Andy Tennant;951,627,365;10;95,162,737
196;Gary Trousdale;950,205,863;3;316,735,288
197;Adrian Lyne;948,596,188;10;94,859,619
198;Andrew Davis;935,717,764;11;85,065,251
199;Adam McKay;928,456,517;9;103,161,835
200;Wes Ball;924,764,559;4;231,191,140
201;Xu Zheng;912,023,948;5;182,404,790
202;James Foley;908,908,212;13;69,916,016
203;Jerry Zucker;907,747,053;6;151,291,176
204;D.J. Caruso;899,031,055;15;59,935,404
205;Paul Weitz;898,537,670;12;74,878,139
206;Wes Craven;897,483,822;20;44,874,191
207;John Glen;893,563,646;7;127,651,949
208;Brian Levant;891,685,930;10;89,168,593
209;Kevin Lima;890,853,958;6;148,475,660
210;Mark Waters;888,778,214;13;68,367,555
211;Will Gluck;880,616,831;7;125,802,404
212;Michael Thurmeier;879,765,137;1;879,765,137
213;Nora Ephron;877,804,290;7;125,400,613
214;Peter Weir;875,761,670;12;72,980,139
215;Alejandro Gonzalez Inarritu;873,238,918;6;145,539,820
216;Vicky Jenson;870,117,319;4;217,529,330
217;David O. Russell;870,098,944;11;79,099,904
218;Guo Fan;868,714,058;2;434,357,029
219;Seth MacFarlane;860,009,327;3;286,669,776
220;Andres Muschietti;849,178,608;3;283,059,536
221;Chuck Russell;845,744,729;8;105,718,091
222;Jia Ling;841,674,419;1;841,674,419
223;John Badham;825,101,546;14;58,935,825
224;Nicholas Stoller;823,149,536;8;102,893,692
225;David F. Sandberg;817,855,908;6;136,309,318
226;Espen Sandberg;816,707,786;4;204,176,947
227;Don Hall;815,342,998;4;203,835,750
228;David Frankel;811,996,231;10;81,199,623
229;Len Wiseman;803,270,454;5;160,654,091
230;Darren Aronofsky;800,792,510;9;88,976,946
231;Kevin Reynolds;799,973,995;8;99,996,749
232;Cary Joji Fukunaga;794,914,293;4;198,728,573
233;Robert Luketic;792,426,955;8;99,053,369
234;David Slade;786,378,984;3;262,126,328
235;Frank Oz;780,044,005;13;60,003,385
236;Tim Hill;777,722,164;8;97,215,271
237;Brenda Chapman;774,966,580;4;193,741,645
238;Brad Silberling;770,469,822;8;96,308,728
239;Robert Stromberg;758,536,735;1;758,536,735
240;Cameron Crowe;757,465,846;9;84,162,872
241;Roger Donaldson;755,985,566;18;41,999,198
242;Alex Proyas;752,288,625;6;125,381,438
243;Dan Scanlon;743,455,810;1;743,455,810
244;Yang Yu;742,711,251;1;742,711,251
245;Malcolm D. Lee;742,612,948;13;57,124,073
246;John G. Avildsen;741,398,623;15;49,426,575
247;Joe Wright;739,526,052;10;73,952,605
248;Lee Tamahori;736,483,955;10;73,648,396
249;Mark Osborne;733,939,450;3;244,646,483
250;Seth Gordon;732,745,505;5;146,549,101
251;Jonathan Mostow;730,584,420;7;104,369,203
252;Irvin Kershner;727,901,242;3;242,633,747
253;Raman Hui;720,979,406;2;360,489,703
254;John Stevenson;719,438,182;3;239,812,727
255;William Friedkin;719,295,452;18;39,960,858
256;Steve Carr;716,323,487;9;79,591,499
257;Phyllida Lloyd;714,884,490;3;238,294,830
258;Timur Bekmambetov;712,398,653;9;79,155,406
259;Curtis Hanson;711,185,778;11;64,653,253
260;Yibai Zhang;710,904,617;5;142,180,923
261;Chris Wedge;710,553,582;3;236,851,194
262;Michael Patrick King;709,928,036;3;236,642,679
263;Jonathan Demme;706,658,824;23;30,724,297
264;Jeff Fowler;705,851,647;2;352,925,824
265;David Zucker;704,691,359;10;70,469,136
266;Sean Anders;701,873,398;7;100,267,628
267;Judd Apatow;701,199,543;9;77,911,060
268;Jason Reitman;700,456,177;10;70,045,618
269;John Singleton;686,271,634;9;76,252,404
270;Peter Ramsey;682,417,606;2;341,208,803
271;Alan J. Pakula;676,146,327;13;52,011,256
272;Keenen Ivory Wayans;673,822,088;6;112,303,681
273;Anne Fletcher;673,312,063;7;96,187,438
274;Roger Spottiswoode;672,418,446;13;51,724,496
275;Wong Jing;664,269,954;11;60,388,178
276;Stephen Herek;661,713,517;18;36,761,862
277;Donald Petrie;650,245,188;13;50,018,861
278;John Madden;649,030,724;13;49,925,440
279;Andrew Lau;639,501,984;5;127,900,397
280;James Bobin;637,809,443;5;127,561,889
281;Walt Becker;637,418,966;5;127,483,793
282;Taylor Hackford;632,738,278;15;42,182,552
283;John Krasinski;632,717,506;6;105,452,918
284;Andy Fickman;629,349,117;10;62,934,912
285;David Dobkin;623,700,070;7;89,100,010
286;Xue Xiaolu;621,474,766;3;207,158,255
287;Ben Stiller;618,041,759;8;77,255,220
288;James L. Brooks;604,048,590;6;100,674,765
289;Neill Blomkamp;603,857,577;5;120,771,515
290;Jordan Peele;596,223,927;3;198,741,309
291;Harold Ramis;595,733,928;11;54,157,630
292;Larry Charles;595,092,528;6;99,182,088
293;Han Han;594,327,550;4;148,581,888
294;Stephen Frears;591,802,763;22;26,900,126
295;Duncan Jones;590,004,396;5;118,000,879
296;Catherine Hardwicke;586,756,151;9;65,195,128
297;Gavin Hood;585,824,539;7;83,689,220
298;Spike Lee;585,306,732;30;19,510,224
299;Nathan Greno;584,899,819;1;584,899,819
300;Damien Chazelle;584,348,371;5;116,869,674
301;Herbert Ross;583,033,930;18;32,390,774
302;Karey Kirkpatrick;579,517,464;3;193,172,488
303;John Lee Hancock;579,209,611;8;72,401,201
304;Sam Taylor-Johnson;578,661,150;4;144,665,288
305;Mick Jackson;576,775,742;7;82,396,535
306;Chad Stahelski;575,106,156;7;82,158,022
307;David Gordon Green;574,462,452;16;35,903,903
308;Norman Jewison;573,947,588;22;26,088,527
309;Kirk De Micco;573,068,425;1;573,068,425
310;Jeff Tremaine;571,962,917;11;51,996,629
311;Rupert Sanders;568,932,436;5;113,786,487
312;Randal Kleiser;568,872,812;10;56,887,281
313;Jordan Vogt-Roberts;562,434,668;3;187,478,223
314;Neil Burger;561,529,454;4;140,382,364
315;Jim Abrahams;560,178,008;8;70,022,251
316;Harald Zwart;556,019,223;5;111,203,845
317;Mark Andrews;554,763,947;2;277,381,974
318;Robert Wise;554,159,621;16;34,634,976
319;Peter Hyams;552,814,089;17;32,518,476
320;Nick Cassavetes;550,045,646;11;50,004,150
321;Morten Tyldum;549,756,997;3;183,252,332
322;Wes Anderson;544,598,506;12;45,383,209
323;Makoto Shinkai;544,395,664;7;77,770,809
324;Travis Knight;542,743,711;3;180,914,570
325;Peter Sohn;538,933,703;3;179,644,568
326;Adam Wingard;538,026,731;10;53,802,673
327;Guy Hamilton;537,457,339;10;53,745,734
328;Emile Ardolino;537,282,767;6;89,547,128
329;Richard Marquand;537,277,436;4;134,319,359
330;Ethan Coen;537,119,703;7;76,731,386
331;Anthony Minghella;533,617,311;7;76,231,044
332;Gabriele Muccino;533,345,324;10;53,334,532
333;Phil Johnston;529,290,830;1;529,290,830
334;Kent Seki;527,965,936;1;527,965,936
335;Wilson Yip;526,411,878;6;87,735,313
336;Tarsem Singh;525,526,331;5;105,105,266
337;Roger Michell;521,924,911;10;52,192,491
338;P.J. Hogan;521,780,875;6;86,963,479
339;Alessandro Carloni;521,170,825;1;521,170,825
340;Rupert Wyatt;519,067,441;5;103,813,488
341;Olivier Nakache;515,067,980;3;171,689,327
342;Eric Toledano;515,067,980;3;171,689,327
343;Amy Heckerling;514,226,108;9;57,136,234
344;Kevin Costner;513,663,920;3;171,221,307
345;Martin Brest;513,585,218;5;102,717,044
346;Yarrow Cheney;513,537,178;1;513,537,178
347;Scott Mosier;513,537,178;1;513,537,178
348;Baltasar Kormakur;510,179,012;9;56,686,557
349;Destin Daniel Cretton;507,034,378;5;101,406,876
350;Mimi Leder;506,957,871;7;72,422,553
351;Andy Serkis;506,468,842;4;126,617,211
352;Steve Hickner;506,207,765;2;253,103,883
353;Jean-Jacques Annaud;505,659,323;11;45,969,029
354;Haruo Sotozaki;505,418,805;5;101,083,761
355;Darren Lynn Bousman;496,799,743;13;38,215,365
356;Alexander Payne;494,227,827;11;44,929,802
357;Daniel Espinosa;490,916,774;6;81,819,462
358;Herman Yau;490,281,660;13;37,713,974
359;Walter Hill;487,448,121;22;22,156,733
360;John Moore;486,607,662;6;81,101,277
361;David Bowers;485,528,590;7;69,361,227
362;Dominic Sena;485,499,998;5;97,100,000
363;Sharon Maguire;485,200,756;3;161,733,585
364;Tate Taylor;484,474,252;8;60,559,282
365;Mark Dindal;483,262,998;4;120,815,750
366;Gus Van Sant;478,713,203;17;28,159,600
367;Jon Amiel;474,809,599;8;59,351,200
368;Mark Steven Johnson;474,487,895;9;52,720,877
369;George Cukor;473,646,416;11;43,058,765
370;Penny Marshall;471,716,719;8;58,964,590
371;Nick Park;471,674,959;5;94,334,992
372;Andy Muschietti;469,566,806;3;156,522,269
373;Daniel Lee;466,683,685;6;77,780,614
374;Han Yan;466,655,662;5;93,331,132
375;Neil Jordan;464,814,406;18;25,823,023
376;Brian Robbins;464,734,306;10;46,473,431
377;Xiaogang Feng;463,738,542;6;77,289,757
378;Joseph Ruben;463,461,326;10;46,346,133
379;Greg Tiernan;461,620,914;5;92,324,183
380;Robert Redford;460,681,656;9;51,186,851
381;Patrick Hughes;460,615,513;5;92,123,103
382;Terry Gilliam;458,957,343;12;38,246,445
383;Edgar Wright;458,592,635;8;57,324,079
384;Les Mayfield;454,924,803;8;56,865,600
385;Tony Gilroy;454,423,137;3;151,474,379
386;Joon-ho Bong;454,179,912;8;56,772,489
387;Wolfgang Reitherman;453,834,257;6;75,639,043
388;Peter Chelsom;453,308,189;12;37,775,682
389;David R. Ellis;452,842,101;6;75,473,684
390;Joe Dante;452,558,552;17;26,621,091
391;Dean Parisot;451,830,588;5;90,366,118
392;Olivier Megaton;450,102,666;4;112,525,667
393;Chirs Buck;448,191,819;1;448,191,819
394;Eric Brevig;447,955,627;2;223,977,814
395;Paul King;445,162,741;4;111,290,685
396;Chloé Zhao;445,147,655;4;111,286,914
397;Michael Dougherty;445,088,308;3;148,362,769
398;George Roy Hill;442,397,671;12;36,866,473
399;S.S. Rajamouli;440,300,995;3;146,766,998
400;Ariel Schulman;439,792,275;7;62,827,468
401;Henry Joost;439,792,275;7;62,827,468
402;Roman Polanski;436,710,511;20;21,835,526
403;Stephen Hopkins;436,549,629;11;39,686,330
404;Blake Edwards;436,133,410;27;16,153,089
405;Ben Affleck;435,841,100;5;87,168,220
406;Arthur Hiller;432,875,303;17;25,463,253
407;Michael Gracey;432,751,430;3;144,250,477
408;Bradley Cooper;431,870,523;2;215,935,262
409;Joel Zwick;428,453,590;4;107,113,398
410;Jean-Pierre Jeunet;426,872,100;8;53,359,013
411;Marc Lawrence;426,607,649;5;85,321,530
412;Clyde Geronimi;426,357,604;4;106,589,401
413;Victor Fleming;425,474,674;3;141,824,891
414;George P. Cosmatos;424,545,859;8;53,068,232
415;Bilall Fallah;424,536,881;3;141,512,294
416;Adil El Arbi;424,536,881;3;141,512,294
417;Alex Kurtzman;422,571,377;2;211,285,689
418;Jimmy Hayward;420,887,654;3;140,295,885
419;Takashi Yamazaki;419,467,217;13;32,266,709
420;Brian Helgeland;413,704,605;5;82,740,921
421;Frank Darabont;413,616,222;5;82,723,244
422;David Soren;413,319,527;3;137,773,176
423;Jason Friedberg;413,130,983;10;41,313,098
424;Steve Oedekerk;412,611,461;4;103,152,865
425;Sam Wood;408,325,192;3;136,108,397
426;Lawrence Kasdan;406,557,072;11;36,959,734
427;Mikael Hafstrom;405,268,356;7;57,895,479
428;Michael Lembeck;404,902,493;8;50,612,812
429;Thor Freudenthal;403,288,390;4;100,822,098
430;Craig Gillespie;402,195,797;6;67,032,633
431;Mike Thurmeier;402,156,682;1;402,156,682
432;Ken Kwapis;401,624,979;10;40,162,498
433;Leonard Nimoy;401,387,573;6;66,897,929
434;Ol Parker;401,378,052;4;100,344,513
435;Pedro Almodovar;400,943,638;21;19,092,554
436;Bibo Bergeron;398,741,342;2;199,370,671
437;Stanley Tong;398,038,269;7;56,862,610
438;Simon Wells;397,949,526;7;56,849,932
439;Eli Roth;395,680,020;10;39,568,002
440;Stanley Kubrick;395,015,688;12;32,917,974
441;Mel Brooks;393,153,971;10;39,315,397
442;Xing Wenxiong;393,014,756;1;393,014,756
443;Elizabeth Banks;391,559,946;7;55,937,135
444;Cate Shortland;384,474,576;4;96,118,644
445;Stephen Daldry;384,079,560;9;42,675,507
446;Brian Fee;383,541,369;1;383,541,369
447;John Hamburg;382,793,278;5;76,558,656
448;Adam Robitel;382,392,946;4;95,598,237
449;Sidney Lumet;381,428,918;28;13,622,461
450;Jill Culton;380,592,398;2;190,296,199
451;Bruce Beresford;379,597,822;27;14,059,179
452;George Clooney;379,485,128;8;47,435,641
453;Albert Hughes;379,227,500;7;54,175,357
454;Kathryn Bigelow;378,863,264;9;42,095,918
455;Sam Fell;377,959,105;4;94,489,776
456;John Pasquin;376,239,359;4;94,059,840
457;Bob Persichetti;375,516,704;1;375,516,704
458;Rodney Rothman;375,516,704;1;375,516,704
459;Kirk Jones;373,717,279;5;74,743,456
460;Don Bluth;369,412,107;10;36,941,211
461;Michel Gondry;368,558,729;12;30,713,227
462;Tom Dey;368,437,431;5;73,687,486
463;Pierre Morel;367,960,027;6;61,326,671
464;Simon J. Smith;366,942,531;1;366,942,531
465;Lu Yang;366,917,797;3;122,305,932
466;Steve Miner;366,898,368;14;26,207,026
467;Corin Hardy;365,474,388;3;121,824,796
468;Ralph Zondag;365,463,639;2;182,731,820
469;Peter Lord;363,937,520;2;181,968,760
470;Glenn Ficarra;362,924,448;6;60,487,408
471;John Requa;362,924,448;6;60,487,408
472;Frank Marshall;362,449,008;6;60,408,168
473;Stephen Chbosky;361,862,326;4;90,465,582
474;Jon Lucas;360,993,044;5;72,198,609
475;Scott Moore;360,993,044;5;72,198,609
476;Tom Tykwer;360,284,734;10;36,028,473
477;Stephen Gaghan;356,279,698;4;89,069,925
478;Eric Leighton;356,148,063;1;356,148,063
479;Penelope Spheeris;356,086,482;11;32,371,498
480;Michael Moore;354,058,852;11;32,187,168
481;James Wong;354,035,504;4;88,508,876
482;Lawrence Guterman;353,157,863;2;176,578,932
483;Clay Kaytis;352,327,887;2;176,163,944
484;Fergal Reilly;352,327,887;1;352,327,887
485;Josh Boone;351,897,383;3;117,299,128
486;Hal Needham;350,465,707;10;35,046,571
487;Hugh Wilson;347,622,020;8;43,452,753
488;Alan Parker;347,603,739;14;24,828,839
489;Warren Beatty;344,613,687;5;68,922,737
490;Michael Caton-Jones;344,324,571;12;28,693,714
491;Noam Murro;342,435,670;2;171,217,835
492;Steven Brill;340,478,394;9;37,830,933
493;Michael Ritchie;339,966,005;17;19,998,000
494;Paul Thomas Anderson;339,641,098;9;37,737,900
495;Peter Hewitt;336,023,821;8;42,002,978
496;Joe Carnahan;335,996,059;10;33,599,606
497;Jonathan Frakes;334,820,272;6;55,803,379
498;Robert Altman;334,567,594;22;15,207,618
499;Chao Deng;333,329,075;3;111,109,692
500;Baimei Yu;333,329,075;3;111,109,692
501;Randall Wallace;332,916,234;4;83,229,059
502;Richard Curtis;332,651,725;3;110,883,908
503;Peter Faiman;332,474,528;2;166,237,264
504;Jon Avnet;332,248,813;8;41,531,102
505;Rob Bowman;331,011,050;4;82,752,763
506;Alexandre Aja;330,204,458;10;33,020,446
507;Chris McKay;329,790,560;5;65,958,112
508;Olivier Magaton;327,656,424;1;327,656,424
509;Gary Winick;327,346,184;6;54,557,697
510;Howard Deutch;326,558,383;10;32,655,838
511;Allen Hughes;326,442,664;9;36,271,407
512;Richard Linklater;324,121,253;21;15,434,345
513;Wayne Wang;323,421,384;17;19,024,787
514;Michael Chaves;323,405,584;2;161,702,792
515;John Hughes;322,270,786;8;40,283,848
516;Jonathan Levine;322,174,268;7;46,024,895
517;James DeMonaco;321,316,189;5;64,263,238
518;Steven Quale;319,727,892;5;63,945,578
519;Greg Mottola;319,570,985;8;39,946,373
520;Beeban Kidron;318,601,467;5;63,720,293
521;Jose Padilha;316,917,988;4;79,229,497
522;Roger Kumble;315,684,194;8;39,460,524
523;Miloš Forman;315,580,403;9;35,064,489
524;Ron Shelton;315,251,774;9;35,027,975
525;Andrew Niccol;314,168,662;7;44,881,237
526;Christopher Landon;312,400,900;7;44,628,700
527;Nitesh Tiwari;312,196,887;4;78,049,222
528;David Lam;311,076,548;6;51,846,091
529;Paul Tibbitt;311,013,181;1;311,013,181
530;Josh Gordon;310,550,887;5;62,110,177
531;Will Speck;310,550,887;5;62,110,177
532;Stephen Norrington;310,502,892;2;155,251,446
533;Phil Alden Robinson;310,490,792;5;62,098,158
534;Breck Eisner;308,909,836;3;102,969,945
535;Jackie Chan;307,760,223;6;51,293,371
536;Tian Yusheng;307,547,824;1;307,547,824
537;John Carpenter;306,470,568;20;15,323,528
538;George Tillman, Jr;305,973,896;9;33,997,100
539;Tony Chan;304,345,923;5;60,869,185
540;Richard Attenborough;303,289,110;10;30,328,911
541;Gregory Hoblit;302,816,037;5;60,563,207
542;David Green;302,803,370;5;60,560,674
543;Charles Shyer;302,578,210;7;43,225,459
544;Gary Fleder;302,367,519;7;43,195,360
545;Andrzej Bartkowiak;298,879,572;7;42,697,082
546;Greta Gerwig;297,840,432;3;99,280,144
547;Kenny Ortega;297,244,945;8;37,155,618
548;Simon Wincer;296,435,626;11;26,948,693
549;Joe Roth;295,003,018;5;59,000,604
550;Fede Álvarez;292,931,639;4;73,232,910
551;Hoyt H. Yeatman;292,817,841;1;292,817,841
552;Luke Greenfield;292,651,510;5;58,530,302
553;David Twohy;292,595,387;6;48,765,898
554;Josh Trank;292,290,602;3;97,430,201
555;Cheang Pou-Soi;291,628,574;3;97,209,525
556;Carl Reiner;291,264,710;11;26,478,610
557;Aaron Seltzer;291,264,066;8;36,408,008
558;Steven S. DeKnight;290,930,148;1;290,930,148
559;David Lean;288,905,053;9;32,100,561
560;Jesse Dylan;288,196,929;3;96,065,643
561;Florian Henckel von Donnersmarck;287,780,320;2;143,890,160
562;Benny Chan;286,828,990;6;47,804,832
563;Theodore Melfi;286,608,950;4;71,652,238
564;Soi Cheang;282,929,944;3;94,309,981
565;Chris Noonan;281,991,257;2;140,995,629
566;Richard Benjamin;280,990,191;11;25,544,563
567;John R. Leonetti;280,344,647;4;70,086,162
568;Greg MacGillivray;279,572,920;10;27,957,292
569;Peter Cattaneo;279,421,920;4;69,855,480
570;Richard LaGravenese;278,005,964;7;39,715,138
571;Steve Rodney McQueen;277,355,474;6;46,225,912
572;Scott Waugh;277,308,153;4;69,327,038
573;Scott Hicks;277,220,065;8;34,652,508
574;Yuen Woo Ping;276,653,124;6;46,108,854
575;Alejandro Amenábar;276,428,035;5;55,285,607
576;Leigh Whannell;276,426,490;4;69,106,623
577;James McTeigue;276,214,518;5;55,242,904
578;Roar Uthaug;276,125,838;3;92,041,946
579;Kobun Shizuno;275,824,547;10;27,582,455
580;John Guillermin;274,963,148;10;27,496,315
581;Cody Cameron;274,392,649;1;274,392,649
582;Kris Pearn;274,392,649;2;137,196,325
583;Mathieu Kassovitz;271,968,006;4;67,992,002
584;Charles Martin Smith;271,677,395;8;33,959,674
585;Boaz Yakin;268,257,546;9;29,806,394
586;Peter Chan;268,045,617;4;67,011,404
587;James Algar;268,000,000;2;134,000,000
588;Cal Brunker;266,460,835;4;66,615,209
589;Simon Kinberg;265,260,610;2;132,630,305
590;Harold Becker;265,167,718;9;29,463,080
591;Kevin Smith;264,715,374;18;14,706,410
592;Marcus Nispel;264,483,481;4;66,120,870
593;Wilfred Jackson;263,609,844;3;87,869,948
594;Mel Smith;263,583,620;5;52,716,724
595;Trish Sie;263,540,796;4;65,885,199
596;Steve Barron;261,771,020;7;37,395,860
597;Roberto Benigni;261,637,240;4;65,409,310
598;Wuershan;261,281,646;2;130,640,823
599;Jay Russell;260,944,537;6;43,490,756
600;Gil Kenan;257,354,333;4;64,338,583
601;Howard Zieff;257,338,596;7;36,762,657
602;John Huston;256,313,051;20;12,815,653
603;Camille Delamarre;256,050,676;3;85,350,225
604;Joe Pytka;255,151,472;2;127,575,736
605;Justin Kurzel;255,020,990;6;42,503,498
606;Oliver Parker;254,159,116;7;36,308,445
607;Lee Daniels;251,127,409;5;50,225,482
608;Peter Howitt;250,484,531;4;62,621,133
609;Eduardo Sanchez;248,743,453;6;41,457,242
610;Daniel Myrick;248,300,000;2;124,150,000
611;Anthony Leondis;247,578,189;2;123,789,095
612;Iain Softley;247,489,350;8;30,936,169
613;Bora Dagtekin;247,464,175;3;82,488,058
614;Sofia Coppola;247,028,603;7;35,289,800
615;Jeff Wadlow;246,322,255;8;30,790,282
616;Dexter Fletcher;246,087,562;5;49,217,512
617;Li Wei;245,772,433;3;81,924,144
618;Ben Falcone;245,105,970;5;49,021,194
619;Pierre Perifel;244,686,688;1;244,686,688
620;Teng Cheng;243,883,429;1;243,883,429
621;Tommy Wirkola;243,133,285;9;27,014,809
622;Robert Benton;242,080,191;8;30,260,024
623;Sam Weisman;238,815,423;4;59,703,856
624;Da Peng;238,564,588;2;119,282,294
625;David Cronenberg;238,352,792;21;11,350,133
626;Ronny Yu;238,351,138;4;59,587,785
627;Tom Vaughan;238,350,483;5;47,670,097
628;Frank Miller;238,184,948;3;79,394,983
629;Klay Hall;238,059,569;1;238,059,569
630;Hamilton Luske;237,601,581;3;79,200,527
631;James Gray;237,410,600;9;26,378,956
632;Russell Mulcahy;237,337,364;12;19,778,114
633;Jon Hurwitz;236,799,211;1;236,799,211
634;Hayden Schlossberg;236,799,211;1;236,799,211
635;Rao Xiaozhi;235,862,743;2;117,931,372
636;Ric Roman Waugh;235,170,791;7;33,595,827
637;Steve Bendelack;234,981,342;1;234,981,342
638;Scott Cooper;234,351,416;7;33,478,774
639;David S. Goyer;233,103,892;4;58,275,973
640;Jeannot Szwarc;232,906,411;6;38,817,735
641;Dany Boon;232,068,240;4;58,017,060
642;Tyler Gillett;231,826,495;6;38,637,749
643;Matt Bettinelli-Olpin;231,826,495;6;38,637,749
644;Gary Dauberman;231,252,591;2;115,626,296
645;Jared Bush;230,848,009;1;230,848,009
646;Michael Lehmann;230,411,908;9;25,601,323
647;Derek Tsang;230,104,810;1;230,104,810
648;Martin McDonagh;229,026,265;4;57,256,566
649;Gavin O’Connor;227,775,088;7;32,539,298
650;Simon Curtis;225,670,008;5;45,134,002
651;Dean Devlin;225,577,647;2;112,788,824
652;Choi Dong-hoon;225,255,119;4;56,313,780
653;Philippe de Chauveron;225,027,792;5;45,005,558
654;Hideaki Anno;224,936,692;6;37,489,449
655;Huida Lin;223,770,600;2;111,885,300
656;Alfred Hitchcock;223,608,674;39;5,733,556
657;Jason Moore;222,075,007;4;55,518,752
658;William Brent Bell;221,471,533;7;31,638,790
659;Hideo Nakata;221,293,586;14;15,806,685
660;John Frankenheimer;220,705,100;20;11,035,255
661;Stephen Anderson;220,698,326;2;110,349,163
662;Andrew Bergman;220,546,898;6;36,757,816
663;Tomoka Nagaoka;220,430,050;2;110,215,025
664;Toni Myers;220,399,706;3;73,466,569
665;Gary Shore;220,293,115;2;110,146,558
666;Ted Kotcheff;220,127,161;10;22,012,716
667;Jonathan Goldstein;219,684,584;3;73,228,195
668;John Francis Daley;219,684,584;3;73,228,195
669;Lewis Gilbert;218,959,300;4;54,739,825
670;Philip Kaufman;217,829,667;10;21,782,967
671;Danny DeVito;217,014,915;6;36,169,153
672;Babak Najafi;216,903,624;4;54,225,906
673;Leon Ding;216,067,512;3;72,022,504
674;Angus Maclane;215,685,060;1;215,685,060
675;Ben Stassen;215,038,935;8;26,879,867
676;Gary Rydstrom;214,981,252;3;71,660,417
677;Joel Crawford;214,877,172;3;71,625,724
678;Fei Yan;214,579,747;2;107,289,874
679;Da-Mo Peng;213,949,747;1;213,949,747
680;Steven Caple Jr;213,635,278;3;71,211,759
681;Ryuichi Yagi;213,606,471;2;106,803,236
682;Spike Jonze;212,081,794;5;42,416,359
683;Kevin Greutert;211,680,368;6;35,280,061
684;David Koepp;210,525,719;7;30,075,103
685;Michael Sucsy;210,444,191;3;70,148,064
686;Gilbert Lewis;210,300,000;1;210,300,000
687;Peter Yates;209,721,612;15;13,981,441
688;Kevin MacDonald;209,584,485;10;20,958,449
689;Rene Liu;209,221,328;1;209,221,328
690;Thea Sharrock;208,064,908;3;69,354,969
691;Clark Johnson;207,312,103;3;69,104,034
692;George A. Romero;207,303,458;17;12,194,321
693;Kabir Khan;207,239,475;5;41,447,895
694;Michael Spierig;207,015,925;4;51,753,981
695;Peter Spierig;207,015,925;4;51,753,981
696;Ryan Murphy;206,790,663;4;51,697,666
697;Rob Zombie;206,743,801;10;20,674,380
698;Jim Sheridan;205,830,534;9;22,870,059
699;Kevin Rodney Sullivan;205,631,244;4;51,407,811
700;Dwight H. Little;205,555,302;11;18,686,846
701;Guo Jingming;205,485,806;4;51,371,452
702;Brad Lewis;205,162,666;1;205,162,666
703;Niki Caro;205,033,418;8;25,629,177
704;Sarah Smith;204,696,958;2;102,348,479
705;Burr Steers;204,591,290;3;68,197,097
706;David McNally;204,475,056;2;102,237,528
707;Mike Flanagan;202,749,833;7;28,964,262
708;Cathy Yan;201,919,818;3;67,306,606
709;Kim Yong-hwa;200,930,165;2;100,465,083
710;Rajkumar Hirani;200,659,909;3;66,886,636
711;Ava Duvernay;200,228,497;5;40,045,699
712;John Schlesinger;200,176,980;15;13,345,132
713;Rohit Shetty;200,132,857;9;22,236,984
714;Chiyu Zhang;199,860,000;1;199,860,000
715;Jonathan Lynn;199,513,299;7;28,501,900
716;Sam Quah;199,276,793;1;199,276,793
717;Xiao Lu Xue;199,085,416;2;99,542,708
718;Huang Bo;198,330,770;1;198,330,770
719;Terrence Malick;198,241,986;10;19,824,199
720;Johannes Roberts;197,806,629;9;21,978,514
721;Steve Box;197,593,152;1;197,593,152
722;Shekhar Kapur;197,028,961;8;24,628,620
723;Michael Engler;196,121,143;2;98,060,572
724;Scott Speer;195,399,828;7;27,914,261
725;Hiromasa Yonebayashi;195,312,045;3;65,104,015
726;Paul Haggis;195,007,414;5;39,001,483
727;Oren Peli;194,190,590;2;97,095,295
728;Alex Kendrick;193,410,415;6;32,235,069
729;Tatsuya Nagamine;193,316,986;2;96,658,493
730;Jay Chandrasekhar;192,986,846;7;27,569,549
731;Pete Travis;192,418,433;4;48,104,608
732;Ted Demme;191,320,280;7;27,331,469
733;Takaski Shimizu;191,193,140;2;95,596,570
734;Seong-Hu Park;190,291,749;1;190,291,749
735;John Erick Dowdle;189,947,470;6;31,657,912
736;Woo-seok Yang;188,388,307;4;47,097,077
737;Jazz Boon;188,065,089;3;62,688,363
738;Han-Min Kim;186,211,608;2;93,105,804
739;Felix Chong;186,027,770;1;186,027,770
740;Victor Salva;185,757,450;5;37,151,490
741;Ericson Core;185,205,718;3;61,735,239
742;David Hand;184,925,486;1;184,925,486
743;Irwin Winkler;184,789,363;6;30,798,227
744;Nimrod Antal;184,578,523;5;36,915,705
745;Paul Mazursky;183,464,162;10;18,346,416
746;Doug Sweetland;183,353,431;1;183,353,431
747;Aaron Nee;183,324,626;3;61,108,209
748;Adam Nee;183,324,626;3;61,108,209
749;Neil LaBute;182,721,616;12;15,226,801
750;Alastair Fothergill;182,435,954;11;16,585,087
751;Seung-wan Ryoo;181,982,428;5;36,396,486
752;Nick Castle;181,688,675;4;45,422,169
753;Tobe Hooper;181,673,538;9;20,185,949
754;Bennett Miller;180,527,972;3;60,175,991
755;Dennis Gansel;180,232,084;6;30,038,681
756;Nigel Cole;180,203,794;5;36,040,759
757;Stuart Baird;179,912,795;2;89,956,398
758;Scott Stewart;179,557,103;4;44,889,276
759;Miguel Arteta;179,381,324;8;22,422,666
760;William Wyler;179,067,299;12;14,922,275
761;Bob Clark;178,684,183;8;22,335,523
762;Tod Williams;178,531,507;2;89,265,754
763;Yuichi Fukuda;177,931,342;7;25,418,763
764;Ron Underwood;177,745,653;4;44,436,413
765;David Lowery;177,451,644;7;25,350,235
766;Patrick Lussier;176,878,962;5;35,375,792
767;Jared Hess;176,421,105;7;25,203,015
768;Mo Dai;176,420,000;1;176,420,000
769;Jiang Wen;176,258,656;4;44,064,664
770;Dean Israelite;175,440,989;4;43,860,247
771;Niels Arden Oplev;174,195,623;5;34,839,125
772;Marco Brambilla;173,407,200;2;86,703,600
773;Forest Whitaker;173,400,240;3;57,800,080
774;Colin Higgins;173,002,327;2;86,501,164
775;Brad Furman;172,626,127;5;34,525,225
776;Peter Billingsley;172,539,969;2;86,269,985
777;Greg Berlanti;171,408,470;3;57,136,157
778;Brett Leonard;171,332,425;8;21,416,553
779;Derek Kwok;171,248,617;2;85,624,309
780;Mark Linfield;170,767,670;5;34,153,534
781;John Boorman;170,328,519;13;13,102,194
782;Richard Fleischer;168,752,822;17;9,926,637
783;Lorene Scafaria;167,766,614;3;55,922,205
784;Angelina Jolie;167,764,763;6;27,960,794
785;Steve Pink;167,555,057;7;23,936,437
786;XiaoPeng Tian;166,968,128;1;166,968,128
787;Peter Bogdanovich;166,583,363;12;13,881,947
788;John Whitesell;166,148,574;6;27,691,429
789;Cedric Nicolas-Troyan;165,149,302;2;82,574,651
790;Troy Quane;165,138,481;2;82,569,241
791;Nick Bruno;165,138,481;2;82,569,241
792;Carl Franklin;165,111,774;7;23,587,396
793;Barbet Schroeder;162,575,915;11;14,779,629
794;Paul McGuigan;162,213,368;8;20,276,671
795;Franco Zeffirelli;162,101,775;12;13,508,481
796;Kim Jee-woon;162,038,072;6;27,006,345
797;Mans Marlind;161,123,188;3;53,707,729
798;Garth Davis;161,112,900;2;80,556,450
799;Björn Stein;161,088,683;2;80,544,342
800;Michel Hazanavicius;160,704,778;8;20,088,097
801;Yu Shan Chen;160,687,692;3;53,562,564
802;Prashanth Neel;160,543,275;3;53,514,425
803;Fred Schepisi;160,463,570;13;12,343,352
804;Richard Loncraine;160,402,385;8;20,050,298
805;Jon Erwin;160,021,804;8;20,002,726
806;Andrew Erwin;160,021,804;8;20,002,726
807;David Kerr;159,378,778;2;79,689,389
808;Wong Amp;158,354,730;2;79,177,365
809;John Polson;157,780,969;2;78,890,485
810;Sylvain White;157,336,836;4;39,334,209
811;Griffin Dunne;157,080,746;6;26,180,124
812;Rupert Wainwright;157,064,028;3;52,354,676
813;Jessie Nelson;156,952,327;3;52,317,442
814;Bobs Gannaway;156,399,644;1;156,399,644
815;Luis Llosa;155,993,560;2;77,996,780
816;Stan Dragoti;155,666,897;5;31,133,379
817;Barbra Streisand;155,067,309;3;51,689,103
818;Ali Abbas Zafar;154,764,535;4;38,691,134
819;Paul Weiland;154,326,150;5;30,865,230
820;Tom McCarthy;153,821,075;8;19,227,634
821;Etan Cohen;153,638,058;2;76,819,029
822;Zhang Hongwei;153,018,738;1;153,018,738
823;John A. Davis;152,603,434;2;76,301,717
824;Thurop Van Orman;152,491,897;1;152,491,897
825;Carl Rinsch;151,716,815;1;151,716,815
826;Jean-Marc Vallee;151,639,860;5;30,327,972
827;Gavin Lin;151,056,221;1;151,056,221
828;James Ivory;150,472,226;18;8,359,568
829;Cecil B. DeMille;150,258,670;10;15,025,867
830;Sheng Ding;149,335,195;6;24,889,199
831;Kazuya Tsurumaki;149,308,334;3;49,769,445
832;Neveldine & Taylor;149,217,355;1;149,217,355
833;Laurent Tirard;146,208,558;6;24,368,093
834;Angela Robinson;146,115,900;3;48,705,300
835;Andrew Fleming;145,930,506;9;16,214,501
836;Liuxun Zimo;145,776,491;1;145,776,491
837;Robert Stevenson;145,549,035;5;29,109,807
838;James Marsh;144,940,989;8;18,117,624
839;Xie Dikui;144,830,000;2;72,415,000
840;Mamoru Hosoda;143,823,730;4;35,955,933
841;Fernando Meirelles;142,833,368;6;23,805,561
842;Jack Lee Thompson;142,266,844;14;10,161,917
843;Stephen Hillenburg;142,051,255;1;142,051,255
844;Neil Marshall;141,526,746;7;20,218,107
845;Danny Cannon;141,098,785;2;70,549,393
846;Jodie Foster;140,575,153;4;35,143,788
847;Tommy Chong;139,663,872;6;23,277,312
848;Seth Rogen;138,881,749;2;69,440,875
849;Evan Goldberg;138,881,749;2;69,440,875
850;Peter Webber;138,747,554;5;27,749,511
851;Terence Young;138,467,035;6;23,077,839
852;Zhao Ji;138,435,770;3;46,145,257
853;Gurinder Chadha;138,413,109;9;15,379,234
854;Gabor Csupo;137,984,788;1;137,984,788
855;Todd Michael Amateau;137,984,788;1;137,984,788
856;Lok Man Leung;137,878,915;2;68,939,458
857;Martha Coolidge;137,857,745;12;11,488,145
858;James Watkins;137,787,872;2;68,893,936
859;Leste Chen;137,499,618;4;34,374,905
860;Alec Su;137,173,153;2;68,586,577
861;George Nolfi;137,141,815;3;45,713,938
862;Gerard McMurray;137,054,597;2;68,527,299
863;Steve Beck;136,817,844;2;68,408,922
864;Sidney Poitier;136,781,950;4;34,195,488
865;Ruoxin Yin;136,775,504;2;68,387,752
866;Mark Neveldine;136,545,966;6;22,757,661
867;Danny Leiner;136,007,966;3;45,335,989
868;Walter Salles;136,006,502;8;17,000,813
869;Howard Hall;135,075,560;3;45,025,187
870;John Milius;134,846,657;7;19,263,808
871;Bo Welch;133,818,283;1;133,818,283
872;Bob Rafelson;133,732,502;8;16,716,563
873;Jason Kwan;133,707,498;2;66,853,749
874;Su Lun;133,650,584;1;133,650,584
875;Peter Hedges;133,535,155;4;33,383,789
876;Chris Butler;133,509,864;2;66,754,932
877;Peter Lepeniotis;133,454,417;3;44,484,806
878;Dan Mazer;133,406,980;4;33,351,745
879;Nima Nourizadeh;133,323,216;2;66,661,608
880;Dan Scanlan;133,317,030;1;133,317,030
881;Hirokazu Kore-eda;133,224,689;8;16,653,086
882;Nikolaj Arcel;132,444,804;2;66,222,402
883;Chang Yuan;132,212,367;1;132,212,367
884;David S. Ward;131,823,724;5;26,364,745
885;Sang-ho Yeon;131,810,240;3;43,936,747
886;Fedor Bondarchuk;131,070,144;5;26,214,029
887;Patricia Riggen;129,913,081;4;32,478,270
888;Seong-hoon Kim;128,927,558;3;42,975,853
889;Colin Strause;128,884,494;1;128,884,494
890;Greg Strause;128,884,494;1;128,884,494
891;Julie Anne Robinson;128,876,169;2;64,438,085
892;John Stockwell;128,826,273;12;10,735,523
893;Steve Rash;128,719,644;7;18,388,521
894;Advait Chandan;128,719,011;2;64,359,506
895;Bille Woodruff;128,679,405;7;18,382,772
896;David Breashears;128,053,530;2;64,026,765
897;Ari Aster;128,045,333;3;42,681,778
898;Stephen Judson;127,990,128;1;127,990,128
899;Valerie Faris;127,863,236;3;42,621,079
900;Jonathan Dayton;127,863,236;3;42,621,079
901;Robert Eggers;127,700,593;3;42,566,864
902;Tianyu Zhao;127,515,832;3;42,505,277
903;Ronald Neame;126,700,030;9;14,077,781
904;Lewis Teague;126,272,652;6;21,045,442
905;Henry Selick;126,037,057;2;63,018,529
906;Jack Smight;125,705,152;7;17,957,879
907;Hugh Hudson;125,438,110;7;17,919,730
908;Alexander Witt;125,168,734;1;125,168,734
909;Yorgos Lanthimos;124,934,864;5;24,986,973
910;Luis Mandoki;124,678,301;6;20,779,717
911;Tomas Alfredson;124,596,500;3;41,532,167
912;Denzel Washington;124,380,291;4;31,095,073
913;Bill Duke;124,284,878;8;15,535,610
914;Qiansen Ouyang;124,169,976;1;124,169,976
915;Chuan Lu;124,157,743;2;62,078,872
916;Martin Ritt;123,729,711;11;11,248,156
917;Miao Yue;123,725,686;4;30,931,422
918;Neil Nightingale;123,705,128;2;61,852,564
919;Greg Jacobs;123,580,421;2;61,790,211
920;Zach Braff;123,432,591;4;30,858,148
921;Barry Cook;123,368,842;1;123,368,842
922;Paul Fisher;122,737,201;1;122,737,201
923;Charlie Bean;122,737,201;2;61,368,601
924;Bob Logan;122,737,201;1;122,737,201
925;Kazuaki Imai;122,664,181;2;61,332,091
926;Carlos Lopez Estrada;121,839,733;5;24,367,947
927;Brian Taylor;121,686,004;4;30,421,501
928;Mira Nair;120,739,240;10;12,073,924
929;Sidney J. Furie;120,552,793;12;10,046,066
930;Jeremiah Chechik;120,386,771;5;24,077,354
931;Wong Kar-wai;120,173,757;13;9,244,135
932;David Lynch;120,110,491;10;12,011,049
933;David Carson;120,000,000;2;60,000,000
934;Arthur Penn;119,334,299;7;17,047,757
935;Shinji Higuchi;119,302,483;4;29,825,621
936;Kevin Munroe;119,063,507;4;29,765,877
937;David Wain;119,035,642;5;23,807,128
938;Fangfang Li;119,035,160;1;119,035,160
939;Emilio Martinez Lazaro;118,865,521;4;29,716,380
940;John Luessenhop;118,702,763;4;29,675,691
941;Wu'ershan;118,528,842;1;118,528,842
942;Goro Miyazaki;118,518,507;3;39,506,169
943;Billy Wilder;118,277,451;18;6,570,970
944;Lei Zhilong;118,128,641;1;118,128,641
945;Samuel Bayer;117,729,621;1;117,729,621
946;Robert De Niro;117,618,060;2;58,809,030
947;Nicholas Meyer;117,292,953;5;23,458,591
948;Byeong-Hun Lee;116,127,561;1;116,127,561
949;Daniel Alfredson;115,468,300;7;16,495,471
950;Todd Haynes;115,356,712;11;10,486,974
951;John Schultz;115,272,726;9;12,808,081
952;Dylan Brown;115,112,118;1;115,112,118
953;Han Tian;114,957,608;2;57,478,804
954;Alejandro Agresti;114,842,521;3;38,280,840
955;Seok-hoon Lee;114,590,392;3;38,196,797
956;Kimberly Peirce;114,379,555;4;28,594,889
957;J. Blakeson;114,095,641;4;28,523,910
958;Mike Figgis;113,858,556;13;8,758,350
959;Mike Leigh;113,019,385;13;8,693,799
960;Thomas Carter;112,436,505;3;37,478,835
961;Lin Yan;112,370,000;1;112,370,000
962;Min-ho Woo;112,102,009;3;37,367,336
963;Bernardo Bertolucci;112,024,489;10;11,202,449
964;Anton Corbijn;112,012,776;5;22,402,555
965;Anthony Stacchi;111,898,741;1;111,898,741
966;Graham Annable;111,898,741;1;111,898,741
967;Kevin Kolsch;111,871,070;3;37,290,357
968;Dennis Widmyer;111,819,678;2;55,909,839
969;Mark Pellington;111,550,048;6;18,591,675
970;Michael Cimino;111,433,511;8;13,929,189
971;Dennie Gordon;111,331,053;4;27,832,763
972;Gene Stupnitsky;111,173,598;2;55,586,799
973;Wang Baoqiang;110,203,801;1;110,203,801
974;Robin Budd;109,862,682;1;109,862,682
975;Donovan Cook;109,862,682;1;109,862,682
976;Andrew Douglas;109,175,673;2;54,587,837
977;Oxide Pang Chun;109,120,819;7;15,588,688
978;Alister Grierson;109,065,040;3;36,355,013
979;Sergey Bodrov;108,874,967;1;108,874,967
980;Joon-ik Lee;108,869,130;4;27,217,283
981;Justin Chadwick;108,516,103;3;36,172,034
982;Christophe Gans;108,313,019;4;27,078,255
983;Dan Trachtenberg;108,286,422;2;54,143,211
984;Yuzuru Tachikawa;107,918,046;2;53,959,023
985;Danny Pang;107,480,445;11;9,770,950
986;Andre Ovredal;107,467,118;6;17,911,186
987;Carroll Ballard;107,457,298;4;26,864,325
988;Park Chan-wook;107,213,392;9;11,912,599
989;Sam Peckinpah;106,892,932;13;8,222,533
990;Dmitry Dyachenko;106,892,325;6;17,815,388
991;Jang Hun;106,673,173;2;53,336,587
992;Lorna Cook;106,515,310;1;106,515,310
993;Susanna White;106,445,340;3;35,481,780
994;Rod Daniel;106,323,385;3;35,441,128
995;Stuart Rosenberg;106,254,297;6;17,709,050
996;Daniel Scheinert;106,239,587;4;26,559,897
997;Don Siegel;106,208,232;14;7,586,302
998;Daniel Kwan;106,205,731;3;35,401,910
999;Christian Ditter;106,150,300;3;35,383,433
1,000;Charles Stone III;106,106,451;6;17,684,409
